frame,total_ms,cpu_wall_ms,cpu_thread_ms,cpu_idle_ms,cpu_throttle_sleep_ms,cpu_throttle_requested_ms,cpu_throttle_lateness_ms,video_build_ms,present_ms,audio_mix_ms,static_bursts,static_cycles,static_native_dispatches,static_fallback_steps,static_hook_fallbacks,fallback_mfspr,fallback_mtspr,fallback_cache,fallback_dcbst,fallback_dcbf,fallback_dcbi,fallback_icbi,fallback_other,cache_controls,cache_control_dcbst,cache_control_dcbf,cache_control_dcbi,cache_control_icbi
22970,19.599500,19.305630,19.271489,0.000000,0.000292,0.000000,0.000000,0.070208,0.021834,0.608125,639,8076299,125150,0,2,0,2,0,0,0,0,0,0,7530,0,4680,2850,0
22971,21.761958,21.673455,21.651169,0.000000,0.000376,0.000000,0.000000,0.070084,0.017958,0.917416,633,8122456,129728,0,2,0,2,0,0,0,0,0,0,5406,0,3510,1896,0
22972,20.190167,20.001595,20.001746,0.000000,0.003959,0.000000,0.000000,0.061083,0.018209,0.808917,632,8107264,124993,0,2,0,2,0,0,0,0,0,0,5406,0,3510,1896,0
22973,20.168083,20.102963,20.104247,0.000000,0.000250,0.000000,0.000000,0.085917,0.048708,0.908834,641,8122536,124768,0,2,0,2,0,0,0,0,0,0,7208,0,4680,2528,0
22974,21.001792,20.822741,20.764050,0.000000,0.000458,0.000000,0.000000,0.083458,0.055417,0.944417,631,8107195,125454,0,2,0,2,0,0,0,0,0,0,5406,0,3510,1896,0
22975,20.091583,19.917374,19.928162,0.000000,0.000499,0.000000,0.000000,0.075584,0.029458,0.945250,633,8120105,125611,0,2,0,2,0,0,0,0,0,0,5406,0,3510,1896,0
22976,20.075875,19.873442,19.883331,0.000000,0.000417,0.000000,0.000000,0.072875,0.025042,1.316458,638,8078755,122290,0,2,0,2,0,0,0,0,0,0,7208,0,4680,2528,0
22977,20.214209,20.007881,20.027294,0.000000,0.000416,0.000000,0.000000,0.063041,0.017750,1.299959,632,8107253,124585,0,2,0,2,0,0,0,0,0,0,5406,0,3510,1896,0
22978,20.223208,20.082380,20.092420,0.000000,0.000542,0.000000,0.000000,0.069083,0.020917,1.263292,648,8122828,125997,0,2,0,2,0,0,0,0,0,0,5406,0,3510,1896,0
22979,19.969625,19.797955,19.809461,0.000000,0.000291,0.000000,0.000000,0.076917,0.025916,1.070000,639,8099084,122819,0,2,0,2,0,0,0,0,0,0,7208,0,4680,2528,0
22980,19.567417,19.397630,19.408083,0.000000,0.000458,0.000000,0.000000,0.064166,0.020834,0.359542,636,8132360,130512,0,2,0,2,0,0,0,0,0,0,5574,0,3510,2064,0
22981,21.823833,21.644310,21.616864,0.000000,0.000250,0.000000,0.000000,0.080333,0.020500,1.539500,626,8074631,130789,0,2,0,2,0,0,0,0,0,0,5406,0,3510,1896,0
22982,20.353833,20.244703,20.232718,0.000000,0.000417,0.000000,0.000000,0.068500,0.026875,0.346459,642,8122455,125749,0,2,0,2,0,0,0,0,0,0,7208,0,4680,2528,0
22983,19.985459,19.752535,19.755989,0.000000,0.000584,0.000000,0.000000,0.064166,0.015334,0.940958,632,8096325,124360,0,2,0,2,0,0,0,0,0,0,5406,0,3510,1896,0
22984,20.256125,20.135268,20.124968,0.000000,0.000667,0.000000,0.000000,0.065333,0.018083,0.940292,631,8114744,125404,0,2,0,2,0,0,0,0,0,0,5507,0,3510,1997,0
22985,20.397583,20.173052,20.191671,0.000000,0.000208,0.000000,0.000000,0.082250,0.029250,0.925875,659,8094697,125718,0,2,0,2,0,0,0,0,0,0,9148,0,4680,4468,0
22986,19.747917,19.597259,19.614342,0.000000,0.000416,0.000000,0.000000,0.065041,0.022709,0.955125,632,8107287,123755,0,2,0,2,0,0,0,0,0,0,5406,0,3510,1896,0
22987,19.921375,19.782552,19.799832,0.000000,0.000458,0.000000,0.000000,0.078416,0.022375,1.238250,637,8122631,123604,0,2,0,2,0,0,0,0,0,0,7208,0,4680,2528,0
22988,19.572500,19.429119,19.420336,0.000000,0.000291,0.000000,0.000000,0.076166,0.029667,1.262459,638,8091764,127536,0,2,0,2,0,0,0,0,0,0,5863,0,3510,2353,0
22989,20.682750,20.472720,20.456958,0.000000,0.000374,0.000000,0.000000,0.064666,0.018917,1.240417,631,8107045,127207,0,2,0,2,0,0,0,0,0,0,5406,0,3510,1896,0
22990,20.533291,20.376345,20.283917,0.000000,0.000583,0.000000,0.000000,0.082792,0.025208,1.099958,638,8107052,124292,0,2,0,2,0,0,0,0,0,0,7208,0,4680,2528,0
22991,20.565250,20.387253,20.396797,0.000000,0.000458,0.000000,0.000000,0.056250,0.016000,0.632167,632,8107300,126854,0,2,0,2,0,0,0,0,0,0,5406,0,3510,1896,0
22992,19.926875,19.776207,19.773168,0.000000,0.000583,0.000000,0.000000,0.058542,0.022958,1.019333,633,8107238,124224,0,2,0,2,0,0,0,0,0,0,5406,0,3510,1896,0
22993,20.136625,19.970140,19.980495,0.000000,0.000334,0.000000,0.000000,0.063709,0.022333,0.904375,639,8107106,124411,0,2,0,2,0,0,0,0,0,0,7208,0,4680,2528,0
22994,20.310584,20.144959,20.155910,0.000000,0.000416,0.000000,0.000000,0.072041,0.020334,1.255375,632,8107223,126536,0,2,0,2,0,0,0,0,0,0,5406,0,3510,1896,0
22995,19.934666,19.772032,19.786241,0.000000,0.000542,0.000000,0.000000,0.073917,0.021250,0.973750,632,8107356,123863,0,2,0,2,0,0,0,0,0,0,5406,0,3510,1896,0
22996,19.432750,19.230160,19.244955,0.000000,0.000292,0.000000,0.000000,0.059667,0.015000,1.296208,641,8122335,129002,0,2,0,2,0,0,0,0,0,0,7378,0,4680,2698,0
22997,21.709250,21.580399,21.593009,0.000000,0.000458,0.000000,0.000000,0.072167,0.021875,1.244666,631,8091781,138923,0,2,0,2,0,0,0,0,0,0,5406,0,3510,1896,0
22998,20.033250,19.866873,19.843249,0.000000,0.000499,0.000000,0.000000,0.061084,0.020083,1.248709,632,8107410,125261,0,2,0,2,0,0,0,0,0,0,5406,0,3510,1896,0
22999,20.096500,19.908830,19.912118,0.000000,0.000375,0.000000,0.000000,0.066209,0.017166,1.276626,637,8106902,124536,0,2,0,2,0,0,0,0,0,0,7208,0,4680,2528,0
23000,20.869125,20.752510,20.706827,0.000000,0.000416,0.000000,0.000000,0.062917,0.016667,0.911667,633,8107260,125854,0,2,0,2,0,0,0,0,0,0,5406,0,3510,1896,0
23001,20.032584,19.834448,19.839869,0.000000,0.000376,0.000000,0.000000,0.053125,0.015916,0.636292,632,8107234,123697,0,2,0,2,0,0,0,0,0,0,5406,0,3510,1896,0
23002,19.931125,19.810707,19.788111,0.000000,0.000458,0.000000,0.000000,0.084416,0.020750,0.899499,638,8107103,123679,0,2,0,2,0,0,0,0,0,0,7208,0,4680,2528,0
23003,20.390375,20.223383,20.239055,0.000000,0.000417,0.000000,0.000000,0.071583,0.016042,1.332000,634,8111806,126319,0,2,0,2,0,0,0,0,0,0,5406,0,3510,1896,0
23004,20.027791,19.826843,19.839372,0.000000,0.000333,0.000000,0.000000,0.058084,0.015125,0.990125,631,8102655,123625,0,2,0,2,0,0,0,0,0,0,5406,0,3510,1896,0
23005,20.167667,20.023793,20.044333,0.000000,0.000416,0.000000,0.000000,0.062500,0.025250,1.291500,640,8107042,123772,0,2,0,2,0,0,0,0,0,0,7208,0,4680,2528,0
23006,20.332167,20.150380,20.170966,0.000000,0.000416,0.000000,0.000000,0.060541,0.015875,0.948750,632,8107286,126413,0,2,0,2,0,0,0,0,0,0,5406,0,3510,1896,0
23007,19.765083,19.585705,19.604787,0.000000,0.000457,0.000000,0.000000,0.054292,0.014291,1.310083,634,8107232,123770,0,2,0,2,0,0,0,0,0,0,5406,0,3510,1896,0
23008,20.019083,19.867015,19.887537,0.000000,0.000292,0.000000,0.000000,0.055375,0.015125,1.281124,639,8107043,123799,0,2,0,2,0,0,0,0,0,0,7208,0,4680,2528,0
23009,19.502459,19.335835,19.344452,0.000000,0.000417,0.000000,0.000000,0.054875,0.023041,0.609708,631,8107266,126134,0,2,0,2,0,0,0,0,0,0,5406,0,3510,1896,0
23010,18.821500,18.644239,18.617376,0.000000,0.000626,0.000000,0.000000,0.070875,0.043708,1.306000,634,8107302,124020,0,2,0,2,0,0,0,0,0,0,5406,0,3510,1896,0
23011,19.815208,19.666415,19.660799,0.000000,0.000292,0.000000,0.000000,0.073542,0.017333,0.933208,640,8106990,123872,0,2,0,2,0,0,0,0,0,0,7208,0,4680,2528,0
23012,21.373292,21.125079,20.977992,0.000000,0.000584,0.000000,0.000000,0.069541,0.018667,0.622916,632,8095490,124828,0,2,0,2,0,0,0,0,0,0,5406,0,3510,1896,0
23013,20.577250,20.470590,20.480749,0.000000,0.000417,0.000000,0.000000,0.054875,0.018000,1.289166,631,8119027,126451,0,2,0,2,0,0,0,0,0,0,5406,0,3510,1896,0
23014,20.353541,20.192499,20.166753,0.000000,0.000459,0.000000,0.000000,0.069542,0.024292,1.310500,640,8107050,124576,0,2,0,2,0,0,0,0,0,0,7208,0,4680,2528,0
23015,19.311625,19.146079,19.141798,0.000000,0.000374,0.000000,0.000000,0.070292,0.024833,1.312708,631,8107320,126739,0,2,0,2,0,0,0,0,0,0,5406,0,3510,1896,0
23016,20.191625,20.012369,20.010004,0.000000,0.000499,0.000000,0.000000,0.057042,0.021792,1.318833,632,8107261,124533,0,2,0,2,0,0,0,0,0,0,5406,0,3510,1896,0
23017,19.259667,19.110191,19.116826,0.000000,0.000376,0.000000,0.000000,0.054708,0.019042,0.635167,639,8099684,124447,0,2,0,2,0,0,0,0,0,0,7208,0,4680,2528,0
23018,19.383125,19.193123,19.197004,0.000000,0.000334,0.000000,0.000000,0.087833,0.019500,0.615709,632,8114674,127632,0,2,0,2,0,0,0,0,0,0,5406,0,3510,1896,0
23019,20.136417,20.026921,20.010418,0.000000,0.000249,0.000000,0.000000,0.088916,0.020584,1.247917,630,8107149,124539,0,2,0,2,0,0,0,0,0,0,5406,0,3510,1896,0
23020,20.142500,19.943164,19.943055,0.000000,0.000375,0.000000,0.000000,0.067458,0.016875,1.277750,641,8107048,124440,0,2,0,2,0,0,0,0,0,0,7208,0,4680,2528,0
23021,20.273791,20.131413,20.129296,0.000000,0.000334,0.000000,0.000000,0.067667,0.016792,0.900083,630,8107261,126362,0,2,0,2,0,0,0,0,0,0,5406,0,3510,1896,0
23022,19.870292,19.661416,19.680746,0.000000,0.000499,0.000000,0.000000,0.062042,0.025875,1.252083,633,8107428,124442,0,2,0,2,0,0,0,0,0,0,5406,0,3510,1896,0
23023,20.396583,20.284779,20.222166,0.000000,0.000417,0.000000,0.000000,0.073209,0.020250,1.243791,636,8106854,124152,0,2,0,2,0,0,0,0,0,0,7208,0,4680,2528,0
23024,20.351375,20.169081,20.176833,0.000000,0.000416,0.000000,0.000000,0.068917,0.018292,1.233584,634,8107291,126525,0,2,0,2,0,0,0,0,0,0,5406,0,3510,1896,0
23025,19.970875,19.808342,19.824069,0.000000,0.000375,0.000000,0.000000,0.060125,0.021709,0.301583,631,8107296,123864,0,2,0,2,0,0,0,0,0,0,5406,0,3510,1896,0
23026,19.016542,18.739181,18.721766,0.000000,0.000250,0.000000,0.000000,0.071417,0.018000,1.124624,638,8091542,123712,0,2,0,2,0,0,0,0,0,0,7208,0,4680,2528,0
23027,20.566500,20.499119,20.503698,0.000000,0.000376,0.000000,0.000000,0.054083,0.029042,0.941459,634,8124237,126896,0,2,0,2,0,0,0,0,0,0,5406,0,3510,1896,0
23028,20.030708,19.863459,19.856504,0.000000,0.000499,0.000000,0.000000,0.069000,0.019875,1.286583,630,8105790,124624,0,2,0,2,0,0,0,0,0,0,5406,0,3510,1896,0
23029,18.922917,18.814665,18.818184,0.000000,0.000417,0.000000,0.000000,0.080167,0.028291,0.982208,640,8106989,124067,0,2,0,2,0,0,0,0,0,0,7208,0,4680,2528,0
23030,21.076125,20.947994,20.951335,0.000000,0.001167,0.000000,0.000000,0.115458,0.018959,0.624208,633,8123056,127167,0,2,0,2,0,0,0,0,0,0,5406,0,3510,1896,0
23031,21.607417,21.370583,21.208101,0.000000,0.001001,0.000000,0.000000,0.093291,0.021000,0.583750,645,8091580,123569,0,2,0,2,0,0,0,0,0,0,5406,0,3510,1896,0
23032,21.665083,21.486376,21.011620,0.000000,0.001541,0.000000,0.000000,0.091583,0.019459,0.586582,639,8112919,124993,0,2,0,2,0,0,0,0,0,0,7208,0,4680,2528,0
23033,20.103500,19.953869,19.976990,0.000000,0.000833,0.000000,0.000000,0.067125,0.019667,1.273667,636,8116616,130834,0,2,0,2,0,0,0,0,0,0,5728,0,3510,2218,0
23034,21.661083,21.474293,21.495482,0.000000,0.000292,0.000000,0.000000,0.065584,0.015458,0.751458,629,8091871,129021,0,2,0,2,0,0,0,0,0,0,5406,0,3510,1896,0
23035,19.918125,19.734791,19.751177,0.000000,0.000459,0.000000,0.000000,0.048709,0.013500,0.860126,639,8107046,125828,0,2,0,2,0,0,0,0,0,0,7208,0,4680,2528,0
23036,20.309750,20.154045,20.167289,0.000000,0.000458,0.000000,0.000000,0.059542,0.017583,0.612709,632,8107271,125727,0,2,0,2,0,0,0,0,0,0,5406,0,3510,1896,0
23037,20.839542,20.686128,20.702287,0.000000,0.000459,0.000000,0.000000,0.065083,0.020417,0.685459,630,8107284,124888,0,2,0,2,0,0,0,0,0,0,5406,0,3510,1896,0
23038,21.266917,21.045912,21.083549,0.000000,0.000332,0.000000,0.000000,0.050291,0.020292,0.630375,639,8107029,126236,0,2,0,2,0,0,0,0,0,0,7208,0,4680,2528,0
23039,20.572750,20.468335,20.453791,0.000000,0.000625,0.000000,0.000000,0.083916,0.027584,0.348958,634,8107262,125344,0,2,0,2,0,0,0,0,0,0,5406,0,3510,1896,0
23040,20.071333,19.849911,19.812172,0.000000,0.000667,0.000000,0.000000,0.062000,0.016250,0.683001,636,8122854,123780,0,2,0,2,0,0,0,0,0,0,7208,0,4680,2528,0
23041,19.893417,19.726629,19.745243,0.000000,0.000501,0.000000,0.000000,0.053000,0.022083,0.721001,632,8091601,126236,0,2,0,2,0,0,0,0,0,0,5406,0,3510,1896,0
23042,18.266500,18.112882,18.126880,0.000000,0.000333,0.000000,0.000000,0.053666,0.024042,0.914917,632,8107149,125636,0,2,0,2,0,0,0,0,0,0,5406,0,3510,1896,0
23043,17.634791,17.507203,17.526194,0.000000,0.000208,0.000000,0.000000,0.047834,0.014833,0.890250,640,8111582,123741,0,2,0,2,0,0,0,0,0,0,7208,0,4680,2528,0
23044,18.277709,18.118474,18.130213,0.000000,0.000333,0.000000,0.000000,0.043583,0.020208,0.349791,629,8102787,126067,0,2,0,2,0,0,0,0,0,0,5406,0,3510,1896,0
23045,17.881916,17.716317,17.735593,0.000000,0.000251,0.000000,0.000000,0.045167,0.017000,0.918625,632,8107244,125307,0,2,0,2,0,0,0,0,0,0,5406,0,3510,1896,0
23046,17.638042,17.474270,17.489830,0.000000,0.000207,0.000000,0.000000,0.061333,0.015917,1.217334,641,8107149,123122,0,2,0,2,0,0,0,0,0,0,7208,0,4680,2528,0
23047,18.068000,17.946629,17.964819,0.000000,0.000291,0.000000,0.000000,0.050833,0.014084,0.582084,629,8107173,125950,0,2,0,2,0,0,0,0,0,0,5406,0,3510,1896,0
23048,17.689708,17.553707,17.563334,0.000000,0.000375,0.000000,0.000000,0.046500,0.020875,0.737749,632,8107246,125009,0,2,0,2,0,0,0,0,0,0,5406,0,3510,1896,0
23049,17.716750,17.526984,17.549042,0.000000,0.000251,0.000000,0.000000,0.049375,0.013542,1.052333,641,8107013,123045,0,2,0,2,0,0,0,0,0,0,7208,0,4680,2528,0
23050,18.131625,18.005514,18.019996,0.000000,0.000374,0.000000,0.000000,0.049292,0.025250,0.446000,632,8107304,126555,0,2,0,2,0,0,0,0,0,0,5406,0,3510,1896,0
23051,17.747875,17.595032,17.612037,0.000000,0.000333,0.000000,0.000000,0.049584,0.019625,1.056251,632,8107214,125043,0,2,0,2,0,0,0,0,0,0,5406,0,3510,1896,0
23052,17.887834,17.754671,17.728714,0.000000,0.000375,0.000000,0.000000,0.053625,0.023916,0.898083,640,8107062,122646,0,2,0,2,0,0,0,0,0,0,7208,0,4680,2528,0
23053,18.239500,18.081086,18.094672,0.000000,0.000417,0.000000,0.000000,0.046375,0.014291,0.616542,631,8107251,126274,0,2,0,2,0,0,0,0,0,0,5406,0,3510,1896,0
23054,17.793875,17.649868,17.661010,0.000000,0.000208,0.000000,0.000000,0.048541,0.016584,0.910999,633,8107322,125519,0,2,0,2,0,0,0,0,0,0,5406,0,3510,1896,0
23055,17.873875,17.682841,17.683974,0.000000,0.000583,0.000000,0.000000,0.051791,0.022459,0.900542,641,8107013,123113,0,2,0,2,0,0,0,0,0,0,7208,0,4680,2528,0
23056,17.008333,16.900635,16.920858,0.000000,0.000250,0.000000,0.000000,0.041167,0.013541,0.629333,631,8110136,126000,0,2,0,2,0,0,0,0,0,0,5406,0,3510,1896,0
23057,16.158167,16.053568,16.066714,0.000000,0.000210,0.000000,0.000000,0.048291,0.019417,1.216875,636,8150718,132488,0,2,0,2,0,0,0,0,0,0,5574,0,3510,2064,0
23058,17.824958,17.621487,17.633767,0.000000,0.000332,0.000000,0.000000,0.043000,0.012500,0.611125,637,8060638,129149,0,2,0,2,0,0,0,0,0,0,7208,0,4680,2528,0
23059,16.822875,16.704185,16.720489,0.000000,0.000334,0.000000,0.000000,0.050042,0.014833,1.046166,631,8107262,127548,0,2,0,2,0,0,0,0,0,0,5406,0,3510,1896,0
23060,16.670375,16.502422,16.517043,0.000000,0.000209,0.000000,0.000000,0.041500,0.019500,1.057334,631,8107300,126453,0,2,0,2,0,0,0,0,0,0,5406,0,3510,1896,0
23061,17.000958,16.941427,16.917026,0.000000,0.000499,0.000000,0.000000,0.077667,0.018375,0.332792,642,8122414,124082,0,2,0,2,0,0,0,0,0,0,7208,0,4680,2528,0
23062,18.897834,18.715951,18.736584,0.000000,0.000541,0.000000,0.000000,0.059666,0.015417,0.959459,627,8091798,127643,0,2,0,2,0,0,0,0,0,0,5406,0,3510,1896,0
23063,18.847333,18.698330,18.696206,0.000000,0.000333,0.000000,0.000000,0.067250,0.017167,1.237500,632,8107405,126179,0,2,0,2,0,0,0,0,0,0,5406,0,3510,1896,0
23064,19.447833,19.278041,19.104424,0.000000,0.000917,0.000000,0.000000,0.087792,0.020542,0.924375,640,8106921,123015,0,2,0,2,0,0,0,0,0,0,7208,0,4680,2528,0
23065,18.902959,18.745872,18.746621,0.000000,0.000542,0.000000,0.000000,0.074750,0.028958,0.611125,631,8107278,126852,0,2,0,2,0,0,0,0,0,0,5406,0,3510,1896,0
23066,18.574375,18.447126,18.454764,0.000000,0.000375,0.000000,0.000000,0.082250,0.025041,0.937541,630,8107258,125472,0,2,0,2,0,0,0,0,0,0,5406,0,3510,1896,0
23067,18.394625,18.228295,18.229037,0.000000,0.000500,0.000000,0.000000,0.062791,0.024084,0.740583,641,8107022,123073,0,2,0,2,0,0,0,0,0,0,7208,0,4680,2528,0
23068,18.883916,18.727082,18.706287,0.000000,0.000625,0.000000,0.000000,0.065125,0.022959,1.278333,631,8107276,127009,0,2,0,2,0,0,0,0,0,0,5406,0,3510,1896,0
23069,18.495709,18.347872,18.355369,0.000000,0.000418,0.000000,0.000000,0.068500,0.019458,0.289417,633,8107223,125296,0,2,0,2,0,0,0,0,0,0,5406,0,3510,1896,0
23070,18.146083,18.005325,18.015468,0.000000,0.000459,0.000000,0.000000,0.074375,0.019583,0.946292,641,8107095,123371,0,2,0,2,0,0,0,0,0,0,7208,0,4680,2528,0
23071,19.454000,19.385290,19.312879,0.000000,0.000417,0.000000,0.000000,0.131583,0.022584,0.919917,632,8123406,126506,0,2,0,2,0,0,0,0,0,0,5406,0,3510,1896,0
23072,20.716958,20.469888,20.412208,0.000000,0.000542,0.000000,0.000000,0.082500,0.023292,1.320917,629,8091117,125257,0,2,0,2,0,0,0,0,0,0,5406,0,3510,1896,0
23073,19.761125,19.573789,19.558588,0.000000,0.000458,0.000000,0.000000,0.080959,0.026291,1.288209,643,8137814,128461,0,2,0,2,0,0,0,0,0,0,7378,0,4680,2698,0
23074,22.244167,22.080465,22.082047,0.000000,0.000459,0.000000,0.000000,0.067500,0.019375,1.293542,630,8076433,139084,0,2,0,2,0,0,0,0,0,0,5406,0,3510,1896,0
23075,20.063042,19.889850,19.913851,0.000000,0.000501,0.000000,0.000000,0.061750,0.020833,1.303334,631,8107219,125796,0,2,0,2,0,0,0,0,0,0,5406,0,3510,1896,0
23076,20.989041,20.835509,20.614084,0.000000,0.000416,0.000000,0.000000,0.098542,0.019292,0.621042,639,8107044,122921,0,2,0,2,0,0,0,0,0,0,7208,0,4680,2528,0
23077,20.326959,20.142321,20.157208,0.000000,0.000458,0.000000,0.000000,0.062166,0.017375,0.625125,632,8107284,126103,0,2,0,2,0,0,0,0,0,0,5406,0,3510,1896,0
23078,20.302083,20.146077,20.153783,0.000000,0.000542,0.000000,0.000000,0.072875,0.018500,1.138542,631,8107202,125229,0,2,0,2,0,0,0,0,0,0,5406,0,3510,1896,0
23079,19.839375,19.684582,19.703833,0.000000,0.000459,0.000000,0.000000,0.065792,0.020583,0.916708,639,8107068,122582,0,2,0,2,0,0,0,0,0,0,7208,0,4680,2528,0
23080,20.522875,20.315937,20.286290,0.000000,0.000624,0.000000,0.000000,0.066958,0.024125,0.940250,633,8107252,126390,0,2,0,2,0,0,0,0,0,0,5406,0,3510,1896,0
23081,19.972208,19.831999,19.849007,0.000000,0.000250,0.000000,0.000000,0.065542,0.015667,1.237334,630,8107239,125416,0,2,0,2,0,0,0,0,0,0,5406,0,3510,1896,0
23082,19.684167,19.489665,19.515456,0.000000,0.000334,0.000000,0.000000,0.058917,0.014666,1.245375,640,8107084,123261,0,2,0,2,0,0,0,0,0,0,7208,0,4680,2528,0
23083,20.564875,20.396531,20.372008,0.000000,0.000583,0.000000,0.000000,0.063000,0.017833,1.270667,630,8107215,126777,0,2,0,2,0,0,0,0,0,0,5406,0,3510,1896,0
23084,20.314500,20.163002,20.183203,0.000000,0.000292,0.000000,0.000000,0.056042,0.018666,1.250292,645,8107341,125594,0,2,0,2,0,0,0,0,0,0,5406,0,3510,1896,0
23085,19.157042,18.986195,18.992039,0.000000,0.000374,0.000000,0.000000,0.054458,0.022208,0.608166,640,8111391,124138,0,2,0,2,0,0,0,0,0,0,7208,0,4680,2528,0
23086,19.281666,19.124428,19.130953,0.000000,0.000417,0.000000,0.000000,0.079709,0.022500,0.995208,631,8103040,125845,0,2,0,2,0,0,0,0,0,0,5406,0,3510,1896,0
23087,20.036125,19.848635,19.867292,0.000000,0.000541,0.000000,0.000000,0.074709,0.032375,1.191374,633,8107200,125508,0,2,0,2,0,0,0,0,0,0,5406,0,3510,1896,0
23088,19.894917,19.755456,19.775836,0.000000,0.000334,0.000000,0.000000,0.065417,0.017291,0.972833,637,8107261,124440,0,2,0,2,0,0,0,0,0,0,7208,0,4680,2528,0
23089,18.891917,18.776914,18.779029,0.000000,0.000375,0.000000,0.000000,0.071791,0.019417,0.941001,632,8106997,124564,0,2,0,2,0,0,0,0,0,0,5406,0,3510,1896,0
23090,20.566125,20.402129,20.415488,0.000000,0.000541,0.000000,0.000000,0.077041,0.023625,1.239417,632,8116068,127829,0,2,0,2,0,0,0,0,0,0,5406,0,3510,1896,0
23091,20.022583,19.820712,19.829664,0.000000,0.000459,0.000000,0.000000,0.068500,0.024958,1.235917,639,8098276,124292,0,2,0,2,0,0,0,0,0,0,7208,0,4680,2528,0
23092,21.074917,20.862915,20.782505,0.000000,0.000541,0.000000,0.000000,0.096333,0.017542,0.961209,653,8107286,126319,0,2,0,2,0,0,0,0,0,0,7447,0,3510,3937,0
23093,20.257666,20.086001,20.103716,0.000000,0.000417,0.000000,0.000000,0.067084,0.026166,1.231458,641,8122343,125319,0,2,0,2,0,0,0,0,0,0,7208,0,4680,2528,0
23094,20.038625,19.891640,19.912627,0.000000,0.000500,0.000000,0.000000,0.069042,0.023708,0.636791,631,8091603,125846,0,2,0,2,0,0,0,0,0,0,5406,0,3510,1896,0
23095,20.112917,19.959952,19.973249,0.000000,0.000542,0.000000,0.000000,0.079167,0.016916,0.956042,631,8107267,125929,0,2,0,2,0,0,0,0,0,0,5406,0,3510,1896,0
23096,19.923250,19.763415,19.779121,0.000000,0.000542,0.000000,0.000000,0.091917,0.026458,0.937625,641,8107034,124520,0,2,0,2,0,0,0,0,0,0,7208,0,4680,2528,0
23097,19.972375,19.765604,19.784676,0.000000,0.000459,0.000000,0.000000,0.072833,0.017000,1.436041,631,8107297,125609,0,2,0,2,0,0,0,0,0,0,5406,0,3510,1896,0
23098,20.498542,20.366202,20.365793,0.000000,0.000416,0.000000,0.000000,0.077750,0.023250,1.005208,631,8107327,125798,0,2,0,2,0,0,0,0,0,0,5406,0,3510,1896,0
23099,20.269666,20.054628,20.060933,0.000000,0.000417,0.000000,0.000000,0.072584,0.020416,1.305875,641,8107028,124509,0,2,0,2,0,0,0,0,0,0,7208,0,4680,2528,0
23100,19.311125,19.146386,19.166872,0.000000,0.000417,0.000000,0.000000,0.052875,0.017750,1.279041,633,8107135,130020,0,2,0,2,0,0,0,0,0,0,5728,0,3510,2218,0
23101,20.090500,19.976372,19.981659,0.000000,0.000542,0.000000,0.000000,0.066959,0.017458,0.926126,629,8107289,131100,0,2,0,2,0,0,0,0,0,0,5406,0,3510,1896,0
23102,20.441709,20.280174,20.268306,0.000000,0.000416,0.000000,0.000000,0.063666,0.017375,0.348625,642,8107012,125292,0,2,0,2,0,0,0,0,0,0,7208,0,4680,2528,0
23103,20.592416,20.410794,20.410445,0.000000,0.000460,0.000000,0.000000,0.058500,0.017375,0.959000,630,8107272,126856,0,2,0,2,0,0,0,0,0,0,5406,0,3510,1896,0
23104,20.493625,20.325466,20.313341,0.000000,0.000500,0.000000,0.000000,0.069500,0.016334,0.914208,633,8107310,126437,0,2,0,2,0,0,0,0,0,0,5406,0,3510,1896,0
23105,20.453875,20.252133,20.185456,0.000000,0.000458,0.000000,0.000000,0.066667,0.018750,0.611625,639,8106993,125057,0,2,0,2,0,0,0,0,0,0,7208,0,4680,2528,0
23106,20.378875,20.212931,20.216369,0.000000,0.000791,0.000000,0.000000,0.064917,0.018667,1.296334,632,8107461,125642,0,2,0,2,0,0,0,0,0,0,5406,0,3510,1896,0
23107,20.499667,20.313969,20.246635,0.000000,0.000584,0.000000,0.000000,0.079542,0.026416,0.612875,630,8107053,125283,0,2,0,2,0,0,0,0,0,0,5406,0,3510,1896,0
23108,20.862667,20.698886,20.688670,0.000000,0.000458,0.000000,0.000000,0.069375,0.022625,1.307209,641,8107409,125540,0,2,0,2,0,0,0,0,0,0,7208,0,4680,2528,0
23109,20.143916,20.014880,20.025420,0.000000,0.000583,0.000000,0.000000,0.072959,0.024541,1.256458,633,8122423,126053,0,2,0,2,0,0,0,0,0,0,5406,0,3510,1896,0
23110,19.952584,19.769744,19.770463,0.000000,0.000416,0.000000,0.000000,0.073000,0.022750,1.262084,629,8091720,124084,0,2,0,2,0,0,0,0,0,0,5406,0,3510,1896,0
23111,19.786500,19.605172,19.601133,0.000000,0.000375,0.000000,0.000000,0.068791,0.016709,1.277459,640,8107072,121796,0,2,0,2,0,0,0,0,0,0,7208,0,4680,2528,0
23112,20.111875,19.904370,19.924497,0.000000,0.000416,0.000000,0.000000,0.071041,0.018917,0.630375,634,8107328,125771,0,2,0,2,0,0,0,0,0,0,5406,0,3510,1896,0
23113,18.910708,18.812909,18.806363,0.000000,0.000334,0.000000,0.000000,0.059583,0.016625,1.278458,632,8122602,124529,0,2,0,2,0,0,0,0,0,0,5406,0,3510,1896,0
23114,20.754625,20.579715,20.388503,0.000000,0.000376,0.000000,0.000000,0.061042,0.017250,0.627249,640,8097331,122500,0,2,0,2,0,0,0,0,0,0,7208,0,4680,2528,0
23115,19.821958,19.648250,19.559300,0.000000,0.000374,0.000000,0.000000,0.080792,0.019083,0.998583,632,8101604,125658,0,2,0,2,0,0,0,0,0,0,5406,0,3510,1896,0
23116,18.498584,18.343089,18.344057,0.000000,0.000500,0.000000,0.000000,0.078958,0.030875,1.318792,630,8107248,123825,0,2,0,2,0,0,0,0,0,0,5406,0,3510,1896,0
23117,19.184000,19.017634,19.006628,0.000000,0.000291,0.000000,0.000000,0.056208,0.016000,1.345542,640,8107031,122142,0,2,0,2,0,0,0,0,0,0,7208,0,4680,2528,0
23118,19.975875,19.815842,19.780127,0.000000,0.000417,0.000000,0.000000,0.061000,0.017416,0.456709,632,8107227,126396,0,2,0,2,0,0,0,0,0,0,5406,0,3510,1896,0
23119,19.948500,19.785726,19.764546,0.000000,0.000417,0.000000,0.000000,0.060291,0.026084,1.207874,629,8107240,123864,0,2,0,2,0,0,0,0,0,0,5406,0,3510,1896,0
23120,18.906958,18.727789,18.735255,0.000000,0.000458,0.000000,0.000000,0.064458,0.025084,0.934709,640,8107066,122096,0,2,0,2,0,0,0,0,0,0,7208,0,4680,2528,0
23121,20.382500,20.180956,20.144916,0.000000,0.000375,0.000000,0.000000,0.062625,0.018042,0.956500,633,8107403,125686,0,2,0,2,0,0,0,0,0,0,5406,0,3510,1896,0
23122,19.867458,19.757786,19.759833,0.000000,0.000375,0.000000,0.000000,0.083084,0.026583,1.254292,630,8107157,124228,0,2,0,2,0,0,0,0,0,0,5406,0,3510,1896,0
23123,19.948000,19.756999,19.737868,0.000000,0.000458,0.000000,0.000000,0.078667,0.017458,1.245793,641,8106989,121948,0,2,0,2,0,0,0,0,0,0,7208,0,4680,2528,0
23124,19.785625,19.646587,19.664679,0.000000,0.000292,0.000000,0.000000,0.067459,0.019791,1.144667,631,8107273,126101,0,2,0,2,0,0,0,0,0,0,5406,0,3510,1896,0
23125,20.291584,20.151010,20.145833,0.000000,0.000291,0.000000,0.000000,0.107916,0.024250,0.921666,633,8122695,124083,0,2,0,2,0,0,0,0,0,0,5406,0,3510,1896,0
23126,20.419583,20.190220,20.109356,0.000000,0.000415,0.000000,0.000000,0.068875,0.018042,0.289708,637,8091648,121864,0,2,0,2,0,0,0,0,0,0,7208,0,4680,2528,0
23127,20.114125,19.936991,19.956682,0.000000,0.000291,0.000000,0.000000,0.071833,0.018334,0.982250,633,8107234,125714,0,2,0,2,0,0,0,0,0,0,5406,0,3510,1896,0
23128,19.855833,19.668163,19.673384,0.000000,0.000542,0.000000,0.000000,0.068125,0.023834,1.148791,633,8107229,123847,0,2,0,2,0,0,0,0,0,0,5406,0,3510,1896,0
23129,18.795709,18.658235,18.656439,0.000000,0.000541,0.000000,0.000000,0.066958,0.015708,1.258917,639,8107332,122368,0,2,0,2,0,0,0,0,0,0,7208,0,4680,2528,0
23130,19.978416,19.824660,19.836289,0.000000,0.000542,0.000000,0.000000,0.072792,0.018667,0.583708,633,8107018,126226,0,2,0,2,0,0,0,0,0,0,5406,0,3510,1896,0
23131,19.869750,19.683802,19.698908,0.000000,0.000457,0.000000,0.000000,0.061792,0.022542,1.235333,633,8107490,124045,0,2,0,2,0,0,0,0,0,0,5406,0,3510,1896,0
23132,19.692209,19.642414,19.655298,0.000000,0.000624,0.000000,0.000000,0.105083,0.030542,1.232792,640,8122210,122899,0,2,0,2,0,0,0,0,0,0,7208,0,4680,2528,0
23133,20.485208,20.246708,20.241930,0.000000,0.000500,0.000000,0.000000,0.070417,0.025625,0.625875,631,8107449,126082,0,2,0,2,0,0,0,0,0,0,5406,0,3510,1896,0
23134,20.218333,20.067448,20.049937,0.000000,0.000374,0.000000,0.000000,0.085250,0.017959,0.777749,630,8091686,124508,0,2,0,2,0,0,0,0,0,0,5406,0,3510,1896,0
23135,20.124917,19.937207,19.925318,0.000000,0.000500,0.000000,0.000000,0.073208,0.018250,1.282833,639,8106980,122268,0,2,0,2,0,0,0,0,0,0,7208,0,4680,2528,0
23136,20.076292,19.904421,19.894161,0.000000,0.000332,0.000000,0.000000,0.089583,0.021958,0.963834,634,8107252,126210,0,2,0,2,0,0,0,0,0,0,5406,0,3510,1896,0
23137,19.689083,19.584626,19.585019,0.000000,0.000332,0.000000,0.000000,0.079625,0.019500,0.953292,645,8122740,124672,0,2,0,2,0,0,0,0,0,0,5406,0,3510,1896,0
23138,19.672917,19.495380,19.495752,0.000000,0.000250,0.000000,0.000000,0.066000,0.023166,1.259416,637,8107084,123919,0,2,0,2,0,0,0,0,0,0,7208,0,4680,2528,0
23139,19.997833,19.696711,19.685698,0.000000,0.000500,0.000000,0.000000,0.070292,0.030208,1.266792,629,8076439,123344,0,2,0,2,0,0,0,0,0,0,5406,0,3510,1896,0
23140,19.785000,19.628017,19.627128,0.000000,0.000334,0.000000,0.000000,0.063833,0.014459,1.267458,633,8107334,123450,0,2,0,2,0,0,0,0,0,0,5406,0,3510,1896,0
23141,19.971667,19.850791,19.851626,0.000000,0.000334,0.000000,0.000000,0.065291,0.016917,0.610458,639,8122426,123691,0,2,0,2,0,0,0,0,0,0,7208,0,4680,2528,0
23142,20.074708,19.929210,19.834120,0.000000,0.000792,0.000000,0.000000,0.073417,0.024500,0.915625,633,8107179,123766,0,2,0,2,0,0,0,0,0,0,5406,0,3510,1896,0
23143,19.790833,19.540137,19.531074,0.000000,0.000458,0.000000,0.000000,0.073375,0.017625,0.919333,628,8092015,122705,0,2,0,2,0,0,0,0,0,0,5406,0,3510,1896,0
23144,19.823584,19.753254,19.756401,0.000000,0.000583,0.000000,0.000000,0.069541,0.027000,1.172000,640,8122333,123631,0,2,0,2,0,0,0,0,0,0,7208,0,4680,2528,0
23145,18.772458,18.643823,18.659501,0.000000,0.000291,0.000000,0.000000,0.067625,0.016083,1.296000,634,8107332,125701,0,2,0,2,0,0,0,0,0,0,5653,0,3510,2143,0
23146,19.980208,19.787489,19.773547,0.000000,0.000499,0.000000,0.000000,0.064667,0.025583,1.281958,637,8122487,126792,0,2,0,2,0,0,0,0,0,0,7208,0,4680,2528,0
23147,19.994792,19.749614,19.762255,0.000000,0.000417,0.000000,0.000000,0.061500,0.027125,1.236000,633,8078154,122697,0,2,0,2,0,0,0,0,0,0,5406,0,3510,1896,0
23148,20.079542,20.029133,20.024425,0.000000,0.000583,0.000000,0.000000,0.082083,0.025875,0.637125,630,8120803,124451,0,2,0,2,0,0,0,0,0,0,5406,0,3510,1896,0
23149,19.545750,19.374680,19.365207,0.000000,0.000458,0.000000,0.000000,0.087250,0.017750,0.704041,640,8122755,119124,0,2,0,2,0,0,0,0,0,0,7208,0,4680,2528,0
23150,20.153625,19.966505,19.981002,0.000000,0.000375,0.000000,0.000000,0.068583,0.016792,0.955542,630,8091641,124997,0,2,0,2,0,0,0,0,0,0,5406,0,3510,1896,0
23151,19.674458,19.417992,19.375718,0.000000,0.000458,0.000000,0.000000,0.074667,0.020541,0.927084,630,8091774,121039,0,2,0,2,0,0,0,0,0,0,5406,0,3510,1896,0
23152,19.289042,19.202997,19.195954,0.000000,0.000542,0.000000,0.000000,0.065958,0.017583,1.238167,641,8122493,119248,0,2,0,2,0,0,0,0,0,0,7208,0,4680,2528,0
23153,18.603708,18.464118,18.486958,0.000000,0.000500,0.000000,0.000000,0.066292,0.025416,1.260833,631,8107288,124473,0,2,0,2,0,0,0,0,0,0,5406,0,3510,1896,0
23154,19.750208,19.470450,19.458417,0.000000,0.000583,0.000000,0.000000,0.066792,0.024583,0.633250,630,8091803,122190,0,2,0,2,0,0,0,0,0,0,5406,0,3510,1896,0
23155,19.360459,19.319748,19.339747,0.000000,0.000250,0.000000,0.000000,0.060750,0.023416,0.701624,643,8137945,121154,0,2,0,2,0,0,0,0,0,0,7208,0,4680,2528,0
23156,18.663791,18.391140,18.398449,0.000000,0.000416,0.000000,0.000000,0.063250,0.024084,1.241249,630,8076403,123126,0,2,0,2,0,0,0,0,0,0,5406,0,3510,1896,0
23157,19.634500,19.568201,19.556999,0.000000,0.000333,0.000000,0.000000,0.069417,0.027875,1.118791,634,8122728,122091,0,2,0,2,0,0,0,0,0,0,5406,0,3510,1896,0
23158,18.618084,18.476985,18.490207,0.000000,0.000417,0.000000,0.000000,0.064250,0.014791,1.240500,640,8127722,121973,0,2,0,2,0,0,0,0,0,0,7208,0,4680,2528,0
23159,19.600291,19.320877,19.334157,0.000000,0.000334,0.000000,0.000000,0.060334,0.015708,0.481291,630,8071150,122666,0,2,0,2,0,0,0,0,0,0,5406,0,3510,1896,0
23160,19.437167,19.430218,19.434086,0.000000,0.000375,0.000000,0.000000,0.072583,0.035292,0.643250,632,8122716,122183,0,2,0,2,0,0,0,0,0,0,5406,0,3510,1896,0
23161,19.755750,19.538581,19.553243,0.000000,0.000334,0.000000,0.000000,0.086000,0.019208,1.261917,640,8107031,120164,0,2,0,2,0,0,0,0,0,0,7208,0,4680,2528,0
23162,19.856958,19.727334,19.722532,0.000000,0.000500,0.000000,0.000000,0.074500,0.029584,1.242834,633,8107254,124527,0,2,0,2,0,0,0,0,0,0,5406,0,3510,1896,0
23163,18.891875,18.596675,18.614663,0.000000,0.000499,0.000000,0.000000,0.068625,0.017084,1.259625,629,8091871,121331,0,2,0,2,0,0,0,0,0,0,5406,0,3510,1896,0
23164,18.966375,18.897126,18.911622,0.000000,0.000457,0.000000,0.000000,0.055875,0.025417,0.616375,641,8122443,120537,0,2,0,2,0,0,0,0,0,0,7208,0,4680,2528,0
23165,20.192417,19.999746,19.764091,0.000000,0.000625,0.000000,0.000000,0.115625,0.042833,0.580083,632,8107253,123681,0,2,0,2,0,0,0,0,0,0,5406,0,3510,1896,0
23166,20.487625,20.248585,20.208262,0.000000,0.000458,0.000000,0.000000,0.075500,0.018500,0.926167,630,8091818,122575,0,2,0,2,0,0,0,0,0,0,5406,0,3510,1896,0
23167,20.176542,20.151295,20.093805,0.000000,0.000460,0.000000,0.000000,0.077208,0.022458,0.936083,640,8137967,121070,0,2,0,2,0,0,0,0,0,0,7208,0,4680,2528,0
23168,20.270000,19.965456,19.960794,0.000000,0.000332,0.000000,0.000000,0.062416,0.018000,0.901166,626,8076349,123002,0,2,0,2,0,0,0,0,0,0,5406,0,3510,1896,0
23169,19.139250,19.058164,19.026295,0.000000,0.000333,0.000000,0.000000,0.058500,0.015750,1.265917,638,8138036,125117,0,2,0,2,0,0,0,0,0,0,5728,0,3510,2218,0
23170,21.107875,20.937213,20.946416,0.000000,0.000626,0.000000,0.000000,0.078041,0.018834,0.922833,639,8091578,127947,0,2,0,2,0,0,0,0,0,0,7208,0,4680,2528,0
23171,20.000250,19.814690,19.812523,0.000000,0.000374,0.000000,0.000000,0.069041,0.027959,1.328375,633,8107312,125913,0,2,0,2,0,0,0,0,0,0,5406,0,3510,1896,0
23172,19.956208,19.811284,19.782950,0.000000,0.000375,0.000000,0.000000,0.059792,0.016625,0.900375,631,8107224,124074,0,2,0,2,0,0,0,0,0,0,5406,0,3510,1896,0
23173,20.583833,20.395013,20.402257,0.000000,0.000416,0.000000,0.000000,0.072042,0.025083,0.612250,640,8107050,127434,0,2,0,2,0,0,0,0,0,0,7208,0,4680,2528,0
23174,20.573875,20.375296,20.356877,0.000000,0.000626,0.000000,0.000000,0.070334,0.024375,1.214125,632,8107324,128765,0,2,0,2,0,0,0,0,0,0,5406,0,3510,1896,0
23175,20.516459,20.354234,20.369493,0.000000,0.000292,0.000000,0.000000,0.064875,0.021125,1.013499,632,8107167,126572,0,2,0,2,0,0,0,0,0,0,5406,0,3510,1896,0
23176,20.687500,20.559502,20.472115,0.000000,0.000584,0.000000,0.000000,0.078541,0.030625,0.593833,640,8107052,124846,0,2,0,2,0,0,0,0,0,0,7208,0,4680,2528,0
23177,20.810625,20.651835,20.644952,0.000000,0.000416,0.000000,0.000000,0.075500,0.018541,0.923791,633,8122699,128662,0,2,0,2,0,0,0,0,0,0,5406,0,3510,1896,0
23178,20.574791,20.346195,20.332040,0.000000,0.000417,0.000000,0.000000,0.068834,0.020500,1.157042,630,8091831,126218,0,2,0,2,0,0,0,0,0,0,5406,0,3510,1896,0
23179,18.896542,18.777334,18.785423,0.000000,0.000499,0.000000,0.000000,0.073667,0.024833,1.245208,639,8107082,124553,0,2,0,2,0,0,0,0,0,0,7208,0,4680,2528,0
23180,20.233083,20.033284,20.045174,0.000000,0.000500,0.000000,0.000000,0.061709,0.014916,1.234333,632,8107344,128339,0,2,0,2,0,0,0,0,0,0,5406,0,3510,1896,0
23181,19.762875,19.655645,19.678950,0.000000,0.000335,0.000000,0.000000,0.072542,0.024500,1.219125,634,8122562,126563,0,2,0,2,0,0,0,0,0,0,5406,0,3510,1896,0
23182,18.479792,18.319502,18.320864,0.000000,0.000416,0.000000,0.000000,0.069500,0.023375,0.290334,637,8091694,124085,0,2,0,2,0,0,0,0,0,0,7208,0,4680,2528,0
23183,20.116792,19.958546,19.980095,0.000000,0.000375,0.000000,0.000000,0.066541,0.030667,0.782333,633,8122608,128293,0,2,0,2,0,0,0,0,0,0,5406,0,3510,1896,0
23184,20.636291,20.487427,20.426497,0.000000,0.000251,0.000000,0.000000,0.064292,0.018708,0.981626,632,8107316,126184,0,2,0,2,0,0,0,0,0,0,5406,0,3510,1896,0
23185,19.415209,19.236499,19.240193,0.000000,0.000458,0.000000,0.000000,0.075125,0.029666,0.967458,641,8091568,124163,0,2,0,2,0,0,0,0,0,0,7208,0,4680,2528,0
23186,19.594500,19.422868,19.444495,0.000000,0.000209,0.000000,0.000000,0.058333,0.022208,1.336583,630,8107234,128125,0,2,0,2,0,0,0,0,0,0,5406,0,3510,1896,0
23187,18.487625,18.385169,18.392028,0.000000,0.000418,0.000000,0.000000,0.076250,0.017333,1.225000,632,8122705,126208,0,2,0,2,0,0,0,0,0,0,5406,0,3510,1896,0
23188,19.797791,19.573048,19.587032,0.000000,0.000333,0.000000,0.000000,0.057167,0.015000,0.638791,639,8091709,123594,0,2,0,2,0,0,0,0,0,0,7208,0,4680,2528,0
23189,20.380250,20.233696,20.229999,0.000000,0.000501,0.000000,0.000000,0.085167,0.027250,1.276541,633,8122800,128081,0,2,0,2,0,0,0,0,0,0,5406,0,3510,1896,0
23190,18.219792,18.095150,18.093462,0.000000,0.000458,0.000000,0.000000,0.066875,0.016625,0.963083,645,8091725,128615,0,2,0,2,0,0,0,0,0,0,5653,0,3510,2143,0
23191,21.289417,21.035093,21.039216,0.000000,0.000417,0.000000,0.000000,0.068208,0.025792,1.272292,642,8108241,130047,0,2,0,2,0,0,0,0,0,0,7208,0,4680,2528,0
23192,20.113416,19.975156,19.965743,0.000000,0.000374,0.000000,0.000000,0.081625,0.047459,1.303499,631,8105908,124650,0,2,0,2,0,0,0,0,0,0,5406,0,3510,1896,0
23193,20.546209,20.335713,20.232739,0.000000,0.000542,0.000000,0.000000,0.076500,0.017166,1.282958,630,8107262,124534,0,2,0,2,0,0,0,0,0,0,5406,0,3510,1896,0
23194,20.230250,20.117089,20.115951,0.000000,0.000458,0.000000,0.000000,0.082708,0.025333,1.266042,640,8122543,124767,0,2,0,2,0,0,0,0,0,0,7208,0,4680,2528,0
23195,19.894958,19.743211,19.733886,0.000000,0.000416,0.000000,0.000000,0.061292,0.016208,1.277916,634,8122609,125754,0,2,0,2,0,0,0,0,0,0,5565,0,3510,2055,0
23196,21.561125,21.451241,21.459881,0.000000,0.003540,0.000000,0.000000,0.077958,0.047209,1.243957,633,8091828,132231,0,2,0,2,0,0,0,0,0,0,6353,0,3945,2408,0
23197,20.138708,19.893874,19.872322,0.000000,0.000541,0.000000,0.000000,0.069417,0.023208,1.236292,637,8091632,122276,0,2,0,2,0,0,0,0,0,0,6261,0,4245,2016,0
23198,19.480584,19.372083,19.377911,0.000000,0.000416,0.000000,0.000000,0.084125,0.025208,0.292875,632,8107271,121322,0,2,0,2,0,0,0,0,0,0,5406,0,3510,1896,0
23199,20.634916,20.400165,20.396868,0.000000,0.000583,0.000000,0.000000,0.080250,0.029875,0.912417,661,8122395,124657,0,2,0,2,0,0,0,0,0,0,9249,0,4680,4569,0
23200,20.733000,20.489082,20.486659,0.000000,0.000376,0.000000,0.000000,0.072959,0.027666,0.930625,631,8076354,127008,0,2,0,2,0,0,0,0,0,0,5406,0,3510,1896,0
23201,18.927667,18.859454,18.834121,0.000000,0.000291,0.000000,0.000000,0.077500,0.023292,1.130375,631,8122525,125477,0,2,0,2,0,0,0,0,0,0,5406,0,3510,1896,0
23202,20.092125,19.925168,19.911539,0.000000,0.000459,0.000000,0.000000,0.075583,0.019334,1.250124,640,8107007,123610,0,2,0,2,0,0,0,0,0,0,7208,0,4680,2528,0
23203,20.021875,19.758415,19.773414,0.000000,0.000376,0.000000,0.000000,0.073500,0.016417,1.230709,630,8091857,126551,0,2,0,2,0,0,0,0,0,0,5406,0,3510,1896,0
23204,19.498917,19.354120,19.375332,0.000000,0.000293,0.000000,0.000000,0.067958,0.025417,1.239750,632,8107256,123106,0,2,0,2,0,0,0,0,0,0,5406,0,3510,1896,0
23205,19.513083,19.422166,19.425291,0.000000,0.000458,0.000000,0.000000,0.065083,0.024417,0.615083,642,8122576,120768,0,2,0,2,0,0,0,0,0,0,7208,0,4680,2528,0
23206,20.262750,20.020906,20.026037,0.000000,0.000333,0.000000,0.000000,0.072458,0.019209,1.183542,631,8091779,124919,0,2,0,2,0,0,0,0,0,0,5406,0,3510,1896,0
23207,19.496375,19.439911,19.435203,0.000000,0.000333,0.000000,0.000000,0.061167,0.015333,1.236416,634,8122706,121948,0,2,0,2,0,0,0,0,0,0,5406,0,3510,1896,0
23208,19.919792,19.708085,19.715702,0.000000,0.000293,0.000000,0.000000,0.061291,0.017417,0.900417,639,8107025,121139,0,2,0,2,0,0,0,0,0,0,7208,0,4680,2528,0
23209,20.135750,19.991936,19.981457,0.000000,0.000418,0.000000,0.000000,0.080833,0.020083,0.593874,631,8107411,124630,0,2,0,2,0,0,0,0,0,0,5406,0,3510,1896,0
23210,19.837291,19.693926,19.680052,0.000000,0.000375,0.000000,0.000000,0.065042,0.016708,1.222500,630,8100771,123402,0,2,0,2,0,0,0,0,0,0,5406,0,3510,1896,0
23211,19.428417,19.267491,19.284334,0.000000,0.000458,0.000000,0.000000,0.068875,0.018792,1.224416,639,8132213,121152,0,2,0,2,0,0,0,0,0,0,7208,0,4680,2528,0
23212,19.979833,19.820456,19.813548,0.000000,0.000416,0.000000,0.000000,0.066292,0.030875,1.240000,631,8088476,123538,0,2,0,2,0,0,0,0,0,0,5406,0,3510,1896,0
23213,19.899042,19.706584,19.696662,0.000000,0.000374,0.000000,0.000000,0.072875,0.024333,0.304750,632,8107254,122677,0,2,0,2,0,0,0,0,0,0,5406,0,3510,1896,0
23214,20.020125,19.846753,19.851281,0.000000,0.000375,0.000000,0.000000,0.054417,0.015833,0.894875,640,8107038,121157,0,2,0,2,0,0,0,0,0,0,7208,0,4680,2528,0
23215,21.245708,20.984005,20.629125,0.000000,0.000459,0.000000,0.000000,0.073542,0.018208,0.902750,631,8091824,123856,0,2,0,2,0,0,0,0,0,0,5406,0,3510,1896,0
23216,19.584417,19.477454,19.455756,0.000000,0.000500,0.000000,0.000000,0.060000,0.015583,0.902083,637,8122802,125171,0,2,0,2,0,0,0,0,0,0,5728,0,3510,2218,0
23217,20.365375,20.295667,20.224335,0.000000,0.000625,0.000000,0.000000,0.080625,0.021375,1.264542,639,8122278,129093,0,2,0,2,0,0,0,0,0,0,7208,0,4680,2528,0
23218,20.077917,19.807973,19.807286,0.000000,0.000500,0.000000,0.000000,0.077291,0.015959,0.931958,631,8091816,125757,0,2,0,2,0,0,0,0,0,0,5406,0,3510,1896,0
23219,19.929583,19.768131,19.754747,0.000000,0.000334,0.000000,0.000000,0.081625,0.020667,1.239584,634,8107244,124269,0,2,0,2,0,0,0,0,0,0,5406,0,3510,1896,0
23220,19.187125,19.083006,19.096492,0.000000,0.000374,0.000000,0.000000,0.049292,0.018083,1.258000,645,8122377,124125,0,2,0,2,0,0,0,0,0,0,7665,0,4680,2985,0
23221,21.551458,21.355662,21.380002,0.000000,0.000459,0.000000,0.000000,0.066542,0.016083,1.220959,631,8091776,131848,0,2,0,2,0,0,0,0,0,0,5406,0,3510,1896,0
23222,20.058334,19.922968,19.910617,0.000000,0.000500,0.000000,0.000000,0.075000,0.019000,0.297167,634,8122832,126464,0,2,0,2,0,0,0,0,0,0,5406,0,3510,1896,0
23223,19.938916,19.770155,19.791254,0.000000,0.000292,0.000000,0.000000,0.064042,0.029208,0.666584,637,8096041,123768,0,2,0,2,0,0,0,0,0,0,7208,0,4680,2528,0
23224,20.275625,20.132338,20.109986,0.000000,0.000542,0.000000,0.000000,0.083125,0.021667,0.914917,633,8118138,127304,0,2,0,2,0,0,0,0,0,0,5406,0,3510,1896,0
23225,20.018625,19.822445,19.823550,0.000000,0.000542,0.000000,0.000000,0.065917,0.016583,1.111917,633,8107350,125815,0,2,0,2,0,0,0,0,0,0,5406,0,3510,1896,0
23226,20.464084,20.249666,20.169378,0.000000,0.000500,0.000000,0.000000,0.079083,0.023667,1.248583,639,8091615,122715,0,2,0,2,0,0,0,0,0,0,7208,0,4680,2528,0
23227,19.991166,19.807377,19.798918,0.000000,0.000416,0.000000,0.000000,0.065709,0.015416,1.228333,630,8107158,126393,0,2,0,2,0,0,0,0,0,0,5406,0,3510,1896,0
23228,19.402542,19.256006,19.202629,0.000000,0.000458,0.000000,0.000000,0.081792,0.023583,1.242417,634,8107309,124736,0,2,0,2,0,0,0,0,0,0,5406,0,3510,1896,0
23229,19.869792,19.771737,19.768795,0.000000,0.000500,0.000000,0.000000,0.068541,0.015375,1.242292,641,8122496,122992,0,2,0,2,0,0,0,0,0,0,7208,0,4680,2528,0
23230,20.268083,20.042833,20.044208,0.000000,0.000291,0.000000,0.000000,0.059250,0.024333,0.328375,629,8091746,126332,0,2,0,2,0,0,0,0,0,0,5406,0,3510,1896,0
23231,19.679958,19.589293,19.598828,0.000000,0.000626,0.000000,0.000000,0.074000,0.021334,1.041417,633,8122702,124981,0,2,0,2,0,0,0,0,0,0,5406,0,3510,1896,0
23232,18.856750,18.628772,18.636741,0.000000,0.000334,0.000000,0.000000,0.065709,0.019541,1.258625,641,8091721,122187,0,2,0,2,0,0,0,0,0,0,7208,0,4680,2528,0
23233,20.026000,19.884280,19.896378,0.000000,0.000292,0.000000,0.000000,0.109375,0.026417,1.244708,631,8122609,126588,0,2,0,2,0,0,0,0,0,0,5406,0,3510,1896,0
23234,20.065667,19.890088,19.856307,0.000000,0.000209,0.000000,0.000000,0.064417,0.020166,1.143667,632,8107533,128467,0,2,0,2,0,0,0,0,0,0,5406,0,3510,1896,0
23235,20.715833,20.611171,20.606875,0.000000,0.000416,0.000000,0.000000,0.071834,0.036125,1.256375,645,8153021,134508,0,2,0,2,0,0,0,0,0,0,7453,0,4680,2773,0
23236,20.502292,20.292807,20.315156,0.000000,0.000292,0.000000,0.000000,0.080000,0.026042,1.312167,628,8045541,133569,0,2,0,2,0,0,0,0,0,0,5406,0,3510,1896,0
23237,19.734208,19.539407,19.543485,0.000000,0.000500,0.000000,0.000000,0.069292,0.020750,1.289000,631,8107228,122716,0,2,0,2,0,0,0,0,0,0,5406,0,3510,1896,0
23238,19.401667,19.222466,19.243032,0.000000,0.000541,0.000000,0.000000,0.074833,0.023042,0.637417,639,8106997,121588,0,2,0,2,0,0,0,0,0,0,7208,0,4680,2528,0
23239,20.528000,20.393546,20.410324,0.000000,0.000584,0.000000,0.000000,0.075792,0.039416,0.939875,632,8107287,131155,0,2,0,2,0,0,0,0,0,0,5406,0,3510,1896,0
23240,20.056500,19.842507,19.839296,0.000000,0.000249,0.000000,0.000000,0.079542,0.025958,0.952708,630,8107241,126372,0,2,0,2,0,0,0,0,0,0,5406,0,3510,1896,0
23241,19.966792,19.851933,19.818569,0.000000,0.000416,0.000000,0.000000,0.064666,0.024667,0.948416,640,8107099,124815,0,2,0,2,0,0,0,0,0,0,7208,0,4680,2528,0
23242,20.057208,19.939920,19.938800,0.000000,0.000333,0.000000,0.000000,0.072000,0.025458,1.273875,632,8122714,127738,0,2,0,2,0,0,0,0,0,0,5406,0,3510,1896,0
23243,20.875208,20.666448,20.565160,0.000000,0.000376,0.000000,0.000000,0.066792,0.040208,1.272084,631,8091812,123324,0,2,0,2,0,0,0,0,0,0,5406,0,3510,1896,0
23244,20.309209,20.131496,20.103333,0.000000,0.000458,0.000000,0.000000,0.055625,0.033666,1.257334,639,8107093,123450,0,2,0,2,0,0,0,0,0,0,7208,0,4680,2528,0
23245,20.267458,20.139381,20.094008,0.000000,0.000374,0.000000,0.000000,0.063708,0.020500,1.249292,632,8107214,126770,0,2,0,2,0,0,0,0,0,0,5406,0,3510,1896,0
23246,21.527583,21.234445,21.306082,0.000000,0.000416,0.000000,0.000000,0.080292,0.028167,0.582458,632,8107350,124858,0,2,0,2,0,0,0,0,0,0,5406,0,3510,1896,0
23247,21.251000,21.137129,21.136256,0.000000,0.000458,0.000000,0.000000,0.082125,0.028000,0.582666,641,8106996,128787,0,2,0,2,0,0,0,0,0,0,7208,0,4680,2528,0
23248,20.046875,19.848246,19.849417,0.000000,0.000375,0.000000,0.000000,0.062292,0.016500,0.896459,633,8107332,125591,0,2,0,2,0,0,0,0,0,0,5406,0,3510,1896,0
23249,19.471542,19.350197,19.367876,0.000000,0.000668,0.000000,0.000000,0.059750,0.026333,0.608709,635,8122705,123415,0,2,0,2,0,0,0,0,0,0,6944,0,4536,2408,0
23250,19.532500,19.337712,19.347264,0.000000,0.000292,0.000000,0.000000,0.050750,0.015000,0.913000,636,8107145,123494,0,2,0,2,0,0,0,0,0,0,5670,0,3654,2016,0
23251,18.539958,18.350786,18.370045,0.000000,0.000251,0.000000,0.000000,0.048084,0.032375,1.231208,631,8091706,125528,0,2,0,2,0,0,0,0,0,0,5406,0,3510,1896,0
23252,17.487500,17.376942,17.389624,0.000000,0.000291,0.000000,0.000000,0.050917,0.014750,1.215959,639,8122591,121505,0,2,0,2,0,0,0,0,0,0,7208,0,4680,2528,0
23253,18.446667,18.301704,18.320745,0.000000,0.000541,0.000000,0.000000,0.048333,0.014542,0.619791,632,8107120,128928,0,2,0,2,0,0,0,0,0,0,5406,0,3510,1896,0
23254,17.705292,17.558492,17.564135,0.000000,0.000375,0.000000,0.000000,0.045208,0.016042,0.901750,632,8107268,124521,0,2,0,2,0,0,0,0,0,0,5406,0,3510,1896,0
23255,17.618291,17.459170,17.474228,0.000000,0.000250,0.000000,0.000000,0.044125,0.019167,1.240959,638,8091601,121078,0,2,0,2,0,0,0,0,0,0,7208,0,4680,2528,0
23256,17.484250,17.355620,17.375330,0.000000,0.000249,0.000000,0.000000,0.054375,0.016167,0.611750,633,8107332,123584,0,2,0,2,0,0,0,0,0,0,5406,0,3510,1896,0
23257,17.328000,17.071952,17.075897,0.000000,0.000251,0.000000,0.000000,0.041250,0.014792,1.214667,632,8091830,121320,0,2,0,2,0,0,0,0,0,0,5406,0,3510,1896,0
23258,17.317709,17.238419,17.254723,0.000000,0.000251,0.000000,0.000000,0.039750,0.020416,1.235125,641,8122435,120994,0,2,0,2,0,0,0,0,0,0,7208,0,4680,2528,0
23259,17.361125,17.141119,17.157711,0.000000,0.000251,0.000000,0.000000,0.057250,0.016333,0.613959,630,8091858,122837,0,2,0,2,0,0,0,0,0,0,5406,0,3510,1896,0
23260,17.470583,17.322086,17.327457,0.000000,0.000292,0.000000,0.000000,0.050625,0.014958,0.922084,634,8107249,120675,0,2,0,2,0,0,0,0,0,0,5406,0,3510,1896,0
23261,17.197250,17.128333,17.141035,0.000000,0.000249,0.000000,0.000000,0.043125,0.013375,0.609542,640,8122669,118981,0,2,0,2,0,0,0,0,0,0,7208,0,4680,2528,0
23262,17.796333,17.563128,17.531943,0.000000,0.000374,0.000000,0.000000,0.061375,0.016167,0.605750,631,8091673,121747,0,2,0,2,0,0,0,0,0,0,5406,0,3510,1896,0
23263,17.474167,17.407382,17.414216,0.000000,0.000209,0.000000,0.000000,0.043500,0.012750,1.215791,632,8114722,121315,0,2,0,2,0,0,0,0,0,0,5406,0,3510,1896,0
23264,17.209458,17.084929,17.100170,0.000000,0.000249,0.000000,0.000000,0.049334,0.013875,0.618209,642,8130486,119258,0,2,0,2,0,0,0,0,0,0,7208,0,4680,2528,0
23265,16.738167,16.569490,16.566495,0.000000,0.000249,0.000000,0.000000,0.058458,0.015500,0.899126,630,8091865,121603,0,2,0,2,0,0,0,0,0,0,5406,0,3510,1896,0
23266,15.980125,15.848655,15.767159,0.000000,0.000250,0.000000,0.000000,0.081375,0.017333,0.633708,636,8122585,124070,0,2,0,2,0,0,0,0,0,0,5728,0,3510,2218,0
23267,17.839542,17.704241,17.710384,0.000000,0.000334,0.000000,0.000000,0.053333,0.027083,0.897832,640,8091634,126906,0,2,0,2,0,0,0,0,0,0,7208,0,4680,2528,0
23268,16.517250,16.364701,16.375634,0.000000,0.000291,0.000000,0.000000,0.052750,0.014916,1.020750,630,8122648,125049,0,2,0,2,0,0,0,0,0,0,5406,0,3510,1896,0
23269,16.345041,16.219094,16.219062,0.000000,0.000249,0.000000,0.000000,0.047334,0.019666,0.608542,632,8107302,122963,0,2,0,2,0,0,0,0,0,0,5406,0,3510,1896,0
23270,16.256042,16.079379,16.097961,0.000000,0.000249,0.000000,0.000000,0.040042,0.019250,1.244208,638,8091938,121245,0,2,0,2,0,0,0,0,0,0,7208,0,4680,2528,0
23271,16.448750,16.301053,16.314626,0.000000,0.000291,0.000000,0.000000,0.044167,0.022625,0.624500,632,8106874,124765,0,2,0,2,0,0,0,0,0,0,5406,0,3510,1896,0
23272,17.134542,17.062146,17.046721,0.000000,0.000458,0.000000,0.000000,0.055916,0.018459,0.617708,633,8122718,123372,0,2,0,2,0,0,0,0,0,0,5406,0,3510,1896,0
23273,16.505000,16.324590,16.326280,0.000000,0.000167,0.000000,0.000000,0.040083,0.014250,0.606625,639,8092518,120877,0,2,0,2,0,0,0,0,0,0,7208,0,4680,2528,0
23274,15.760916,15.551711,15.560499,0.000000,0.000210,0.000000,0.000000,0.043959,0.011666,0.901041,631,8090970,126692,0,2,0,2,0,0,0,0,0,0,5653,0,3510,2143,0
23275,17.158125,17.020495,17.034455,0.000000,0.000209,0.000000,0.000000,0.052375,0.014792,0.606417,634,8107092,127115,0,2,0,2,0,0,0,0,0,0,5406,0,3510,1896,0
23276,16.143334,16.104262,16.118033,0.000000,0.000375,0.000000,0.000000,0.052666,0.020875,1.042000,641,8137933,119946,0,2,0,2,0,0,0,0,0,0,7208,0,4680,2528,0
23277,16.170875,15.934883,15.950656,0.000000,0.000125,0.000000,0.000000,0.050583,0.020625,0.898750,630,8076375,121829,0,2,0,2,0,0,0,0,0,0,5406,0,3510,1896,0
23278,15.844458,15.787632,15.797734,0.000000,0.000210,0.000000,0.000000,0.045250,0.014333,0.448083,637,8153518,121906,0,2,0,2,0,0,0,0,0,0,5565,0,3510,2055,0
23279,17.980958,17.847031,17.859056,0.000000,0.000459,0.000000,0.000000,0.078417,0.025333,0.651500,638,8076176,127767,0,2,0,2,0,0,0,0,0,0,7208,0,4680,2528,0
23280,19.088792,18.926921,18.850251,0.000000,0.004458,0.000000,0.000000,0.073792,0.024000,0.628625,632,8107238,122097,0,2,0,2,0,0,0,0,0,0,5406,0,3510,1896,0
23281,17.357292,17.266245,17.271023,0.000000,0.000333,0.000000,0.000000,0.069333,0.037167,1.077084,632,8107254,116423,0,2,0,2,0,0,0,0,0,0,5406,0,3510,1896,0
23282,18.702500,18.478529,18.483358,0.000000,0.000501,0.000000,0.000000,0.061625,0.025333,1.122251,639,8107065,120937,0,2,0,2,0,0,0,0,0,0,7208,0,4680,2528,0
23283,18.402875,18.260824,18.273422,0.000000,0.000376,0.000000,0.000000,0.073458,0.016250,1.253376,632,8107251,124964,0,2,0,2,0,0,0,0,0,0,5406,0,3510,1896,0
23284,18.535250,18.298590,18.288870,0.000000,0.000333,0.000000,0.000000,0.061416,0.017209,0.618375,631,8091834,122297,0,2,0,2,0,0,0,0,0,0,5406,0,3510,1896,0
23285,17.843416,17.757169,17.754731,0.000000,0.000500,0.000000,0.000000,0.058834,0.031291,0.909376,646,8138048,123587,0,2,0,2,0,0,0,0,0,0,7489,0,4680,2809,0
23286,19.047209,18.893863,18.909665,0.000000,0.000416,0.000000,0.000000,0.073041,0.026042,1.255875,631,8091553,125432,0,2,0,2,0,0,0,0,0,0,5406,0,3510,1896,0
23287,18.164416,18.043412,18.048497,0.000000,0.000582,0.000000,0.000000,0.058375,0.034959,0.610500,632,8122710,122058,0,2,0,2,0,0,0,0,0,0,5406,0,3510,1896,0
23288,18.080500,17.956915,17.893580,0.000000,0.000416,0.000000,0.000000,0.073459,0.016625,0.912917,640,8105754,118433,0,2,0,2,0,0,0,0,0,0,7208,0,4680,2528,0
23289,19.630084,19.478885,19.470961,0.000000,0.000459,0.000000,0.000000,0.083458,0.019417,0.918001,637,8139355,124246,0,2,0,2,0,0,0,0,0,0,5593,0,3510,2083,0
23290,21.535500,21.316410,21.297415,0.000000,0.000499,0.000000,0.000000,0.092041,0.027292,0.896000,629,8060933,129619,0,2,0,2,0,0,0,0,0,0,5406,0,3510,1896,0
23291,19.648208,19.484331,19.488248,0.000000,0.000333,0.000000,0.000000,0.068125,0.043667,1.240208,641,8107055,118563,0,2,0,2,0,0,0,0,0,0,7208,0,4680,2528,0
23292,20.069000,19.892915,19.877913,0.000000,0.000291,0.000000,0.000000,0.072792,0.028875,1.265875,632,8107263,121900,0,2,0,2,0,0,0,0,0,0,5406,0,3510,1896,0
23293,19.033125,18.886589,18.882258,0.000000,0.000374,0.000000,0.000000,0.112625,0.025083,1.241791,632,8125882,118170,0,2,0,2,0,0,0,0,0,0,5406,0,3510,1896,0
23294,20.153958,19.967752,19.975875,0.000000,0.000542,0.000000,0.000000,0.083917,0.025792,0.610291,639,8088519,121249,0,2,0,2,0,0,0,0,0,0,7208,0,4680,2528,0
23295,20.363625,20.196049,20.195577,0.000000,0.000333,0.000000,0.000000,0.064000,0.016875,0.926167,631,8107182,124598,0,2,0,2,0,0,0,0,0,0,5406,0,3510,1896,0
23296,19.890709,19.687610,19.702192,0.000000,0.000375,0.000000,0.000000,0.062208,0.022542,1.305875,641,8107255,123807,0,2,0,2,0,0,0,0,0,0,5406,0,3510,1896,0
23297,19.812791,19.704923,19.728207,0.000000,0.000291,0.000000,0.000000,0.075750,0.019709,1.329375,638,8122532,123039,0,2,0,2,0,0,0,0,0,0,7208,0,4680,2528,0
23298,20.452667,20.186420,20.037589,0.000000,0.000333,0.000000,0.000000,0.064375,0.027042,0.972166,631,8091808,120322,0,2,0,2,0,0,0,0,0,0,5406,0,3510,1896,0
23299,19.746833,19.646496,19.638125,0.000000,0.000416,0.000000,0.000000,0.077500,0.024667,1.272666,634,8122711,120877,0,2,0,2,0,0,0,0,0,0,5406,0,3510,1896,0
23300,19.991084,19.836586,19.837356,0.000000,0.000334,0.000000,0.000000,0.081083,0.017375,1.277875,638,8107086,120724,0,2,0,2,0,0,0,0,0,0,7208,0,4680,2528,0
23301,19.628583,19.431909,19.437036,0.000000,0.000458,0.000000,0.000000,0.081667,0.026041,0.905375,632,8091873,120759,0,2,0,2,0,0,0,0,0,0,5406,0,3510,1896,0
23302,19.551292,19.434842,19.451172,0.000000,0.000542,0.000000,0.000000,0.063791,0.027792,0.628625,633,8120010,120583,0,2,0,2,0,0,0,0,0,0,6656,0,4248,2408,0
23303,19.734708,19.534457,19.540470,0.000000,0.000292,0.000000,0.000000,0.086417,0.028958,0.912667,637,8094291,120604,0,2,0,2,0,0,0,0,0,0,5958,0,3942,2016,0
23304,19.419083,19.200543,19.205777,0.000000,0.000334,0.000000,0.000000,0.078459,0.024041,1.253333,632,8107230,120336,0,2,0,2,0,0,0,0,0,0,5406,0,3510,1896,0
23305,19.614334,19.508487,19.506128,0.000000,0.000457,0.000000,0.000000,0.070541,0.017334,1.239709,641,8121106,119140,0,2,0,2,0,0,0,0,0,0,7209,0,4680,2529,0
23306,18.700750,18.482252,18.498082,0.000000,0.000458,0.000000,0.000000,0.062125,0.022291,1.217750,651,8092901,121738,0,2,0,2,0,0,0,0,0,0,7446,0,3510,3936,0
23307,19.472208,19.385717,19.369278,0.000000,0.000334,0.000000,0.000000,0.062792,0.016625,0.303417,633,8113954,119139,0,2,0,2,0,0,0,0,0,0,5406,0,3510,1896,0
23308,19.484083,19.285588,19.289576,0.000000,0.000458,0.000000,0.000000,0.072167,0.019958,1.001125,639,8100406,119245,0,2,0,2,0,0,0,0,0,0,7208,0,4680,2528,0
23309,19.995542,19.879211,19.872655,0.000000,0.000500,0.000000,0.000000,0.063083,0.027500,0.937667,630,8122721,122037,0,2,0,2,0,0,0,0,0,0,5406,0,3510,1896,0
23310,18.572417,18.376882,18.395942,0.000000,0.000457,0.000000,0.000000,0.061958,0.017333,1.278417,633,8107240,120481,0,2,0,2,0,0,0,0,0,0,5406,0,3510,1896,0
23311,19.444958,19.175417,19.205619,0.000000,0.000291,0.000000,0.000000,0.051500,0.018375,1.260208,640,8077558,117996,0,2,0,2,0,0,0,0,0,0,7208,0,4680,2528,0
23312,19.024042,18.965154,18.969260,0.000000,0.000500,0.000000,0.000000,0.073916,0.018000,0.638958,632,8136766,122450,0,2,0,2,0,0,0,0,0,0,5406,0,3510,1896,0
23313,18.887541,18.717413,18.714107,0.000000,0.000375,0.000000,0.000000,0.058750,0.014334,1.266416,631,8107265,120653,0,2,0,2,0,0,0,0,0,0,5406,0,3510,1896,0
23314,18.634417,18.361885,18.371782,0.000000,0.000501,0.000000,0.000000,0.054250,0.015208,1.319708,638,8076146,117898,0,2,0,2,0,0,0,0,0,0,7208,0,4680,2528,0
23315,19.024042,18.863373,18.872202,0.000000,0.000376,0.000000,0.000000,0.068166,0.019459,1.272083,633,8107142,123893,0,2,0,2,0,0,0,0,0,0,5863,0,3510,2353,0
23316,20.865500,20.788872,20.803871,0.000000,0.000417,0.000000,0.000000,0.075250,0.017666,1.243625,632,8122722,126261,0,2,0,2,0,0,0,0,0,0,5406,0,3510,1896,0
23317,19.596291,19.440277,19.446203,0.000000,0.000376,0.000000,0.000000,0.082375,0.017084,0.895041,639,8107027,121557,0,2,0,2,0,0,0,0,0,0,7208,0,4680,2528,0
23318,20.077167,19.902621,19.894410,0.000000,0.000375,0.000000,0.000000,0.085792,0.019208,0.307666,629,8107296,122872,0,2,0,2,0,0,0,0,0,0,5406,0,3510,1896,0
23319,19.540625,19.414055,19.433674,0.000000,0.000291,0.000000,0.000000,0.058250,0.022000,1.223666,632,8107507,121735,0,2,0,2,0,0,0,0,0,0,5406,0,3510,1896,0
23320,20.850417,20.645583,20.446419,0.000000,0.000500,0.000000,0.000000,0.066916,0.022000,0.600625,642,8106819,121083,0,2,0,2,0,0,0,0,0,0,7208,0,4680,2528,0
23321,20.311500,20.144423,20.132531,0.000000,0.000501,0.000000,0.000000,0.093500,0.021041,1.096958,631,8107447,122860,0,2,0,2,0,0,0,0,0,0,5406,0,3510,1896,0
23322,19.164500,19.002969,19.013963,0.000000,0.000541,0.000000,0.000000,0.060875,0.022083,0.918417,637,8122515,125636,0,2,0,2,0,0,0,0,0,0,5728,0,3510,2218,0
23323,20.885250,20.624918,20.602426,0.000000,0.000543,0.000000,0.000000,0.062083,0.018167,1.250500,637,8076034,125724,0,2,0,2,0,0,0,0,0,0,7208,0,4680,2528,0
23324,20.218083,20.125703,20.140203,0.000000,0.000500,0.000000,0.000000,0.063708,0.017084,1.240917,635,8122725,125256,0,2,0,2,0,0,0,0,0,0,5406,0,3510,1896,0
23325,20.014667,19.853723,19.836331,0.000000,0.000667,0.000000,0.000000,0.067000,0.037500,1.225500,632,8107342,123175,0,2,0,2,0,0,0,0,0,0,5406,0,3510,1896,0
23326,19.659291,19.551330,19.544033,0.000000,0.000542,0.000000,0.000000,0.074042,0.019417,1.050543,642,8106949,121992,0,2,0,2,0,0,0,0,0,0,7208,0,4680,2528,0
23327,19.980709,19.829408,19.853923,0.000000,0.000375,0.000000,0.000000,0.082333,0.019167,0.299709,632,8122674,124792,0,2,0,2,0,0,0,0,0,0,5406,0,3510,1896,0
23328,19.499416,19.330348,19.352296,0.000000,0.002834,0.000000,0.000000,0.075792,0.030625,0.935541,632,8107268,123045,0,2,0,2,0,0,0,0,0,0,5406,0,3510,1896,0
23329,19.683500,19.516343,19.506801,0.000000,0.000417,0.000000,0.000000,0.066292,0.020667,0.970958,640,8107166,121812,0,2,0,2,0,0,0,0,0,0,7208,0,4680,2528,0
23330,19.933792,19.689163,19.698798,0.000000,0.000417,0.000000,0.000000,0.074667,0.017541,0.970416,631,8091702,123398,0,2,0,2,0,0,0,0,0,0,5406,0,3510,1896,0
23331,20.045000,19.975043,19.920288,0.000000,0.000666,0.000000,0.000000,0.088958,0.029167,0.921417,632,8122873,123221,0,2,0,2,0,0,0,0,0,0,5406,0,3510,1896,0
23332,19.945500,19.691304,19.695910,0.000000,0.000501,0.000000,0.000000,0.057583,0.017167,1.265083,637,8091412,121221,0,2,0,2,0,0,0,0,0,0,7208,0,4680,2528,0
23333,20.140583,20.062277,20.074792,0.000000,0.000417,0.000000,0.000000,0.077792,0.029583,1.264041,634,8122926,124554,0,2,0,2,0,0,0,0,0,0,5406,0,3510,1896,0
23334,19.560167,19.310375,19.327378,0.000000,0.000334,0.000000,0.000000,0.069125,0.018292,0.609458,631,8091621,122267,0,2,0,2,0,0,0,0,0,0,5406,0,3510,1896,0
23335,19.542583,19.384491,19.373344,0.000000,0.000541,0.000000,0.000000,0.063792,0.015042,0.958750,641,8107021,121772,0,2,0,2,0,0,0,0,0,0,7208,0,4680,2528,0
23336,20.008750,19.919121,19.911386,0.000000,0.000624,0.000000,0.000000,0.077084,0.045791,1.056208,633,8122723,124216,0,2,0,2,0,0,0,0,0,0,5406,0,3510,1896,0
23337,19.583875,19.338707,19.343246,0.000000,0.000376,0.000000,0.000000,0.064667,0.029250,1.255416,630,8091837,122242,0,2,0,2,0,0,0,0,0,0,5406,0,3510,1896,0
23338,19.924125,19.760665,19.760281,0.000000,0.000416,0.000000,0.000000,0.069875,0.017917,1.278833,640,8107006,121698,0,2,0,2,0,0,0,0,0,0,7208,0,4680,2528,0
23339,20.142917,20.051078,20.008253,0.000000,0.000542,0.000000,0.000000,0.088833,0.023042,1.222959,633,8122959,124111,0,2,0,2,0,0,0,0,0,0,5406,0,3510,1896,0
23340,19.126375,18.921412,18.925164,0.000000,0.000334,0.000000,0.000000,0.052750,0.027000,1.273083,634,8122386,128954,0,2,0,2,0,0,0,0,0,0,5574,0,3510,2064,0
23341,19.803458,19.608665,19.557595,0.000000,0.000416,0.000000,0.000000,0.068500,0.016500,0.669417,638,8076093,127467,0,2,0,2,0,0,0,0,0,0,7208,0,4680,2528,0
23342,20.492459,20.358494,20.374994,0.000000,0.000500,0.000000,0.000000,0.056708,0.015292,0.588292,633,8107268,125094,0,2,0,2,0,0,0,0,0,0,5406,0,3510,1896,0
23343,18.603208,18.470916,18.471598,0.000000,0.000334,0.000000,0.000000,0.060292,0.018666,0.966708,633,8111795,123617,0,2,0,2,0,0,0,0,0,0,5406,0,3510,1896,0
23344,19.589625,19.376296,19.388922,0.000000,0.000458,0.000000,0.000000,0.065542,0.024416,1.277750,641,8102507,121553,0,2,0,2,0,0,0,0,0,0,7208,0,4680,2528,0
23345,20.233000,20.152430,20.135308,0.000000,0.000417,0.000000,0.000000,0.080542,0.021750,1.252876,632,8122738,125374,0,2,0,2,0,0,0,0,0,0,5406,0,3510,1896,0
23346,19.776208,19.577045,19.569744,0.000000,0.000292,0.000000,0.000000,0.064875,0.019417,1.270291,632,8091973,122538,0,2,0,2,0,0,0,0,0,0,5406,0,3510,1896,0
23347,19.434167,19.250329,19.268236,0.000000,0.000376,0.000000,0.000000,0.065958,0.042917,0.641291,637,8106883,120959,0,2,0,2,0,0,0,0,0,0,7208,0,4680,2528,0
23348,20.337458,20.183106,20.094037,0.000000,0.000374,0.000000,0.000000,0.078250,0.022917,1.008542,633,8107261,124150,0,2,0,2,0,0,0,0,0,0,5406,0,3510,1896,0
23349,19.979459,19.826345,19.820785,0.000000,0.000460,0.000000,0.000000,0.066708,0.018333,0.593208,639,8107616,122387,0,2,0,2,0,0,0,0,0,0,5406,0,3510,1896,0
23350,19.118375,18.927170,18.924919,0.000000,0.000376,0.000000,0.000000,0.074166,0.018084,0.965166,639,8106771,122152,0,2,0,2,0,0,0,0,0,0,7208,0,4680,2528,0
23351,19.248333,19.145567,19.167347,0.000000,0.000292,0.000000,0.000000,0.071250,0.016500,1.274999,632,8107268,122580,0,2,0,2,0,0,0,0,0,0,5406,0,3510,1896,0
23352,19.619708,19.441292,19.452584,0.000000,0.000417,0.000000,0.000000,0.074792,0.018458,1.249500,633,8107226,122449,0,2,0,2,0,0,0,0,0,0,5406,0,3510,1896,0
23353,19.785250,19.627081,19.647166,0.000000,0.000333,0.000000,0.000000,0.066084,0.022791,0.934000,639,8107097,122667,0,2,0,2,0,0,0,0,0,0,7208,0,4680,2528,0
23354,19.560250,19.390671,19.405205,0.000000,0.000458,0.000000,0.000000,0.070292,0.016708,0.610375,633,8107482,122403,0,2,0,2,0,0,0,0,0,0,5406,0,3510,1896,0
23355,18.769959,18.613871,18.630658,0.000000,0.000499,0.000000,0.000000,0.073833,0.017542,0.927750,632,8107654,122453,0,2,0,2,0,0,0,0,0,0,5406,0,3510,1896,0
23356,19.373916,19.204251,19.219087,0.000000,0.000459,0.000000,0.000000,0.076542,0.019042,0.899875,642,8121854,127744,0,2,0,2,0,0,0,0,0,0,7378,0,4680,2698,0
23357,21.339917,21.115165,21.137996,0.000000,0.000416,0.000000,0.000000,0.071583,0.016125,1.234459,631,8091766,134959,0,2,0,2,0,0,0,0,0,0,5406,0,3510,1896,0
23358,19.827167,19.685861,19.674074,0.000000,0.000417,0.000000,0.000000,0.062250,0.016500,1.282416,640,8122523,122606,0,2,0,2,0,0,0,0,0,0,7208,0,4680,2528,0
23359,19.746666,19.566958,19.582011,0.000000,0.000251,0.000000,0.000000,0.059042,0.017875,1.278709,631,8091884,124056,0,2,0,2,0,0,0,0,0,0,5406,0,3510,1896,0
23360,19.714459,19.572533,19.582922,0.000000,0.000458,0.000000,0.000000,0.054458,0.024875,0.640500,630,8112275,122292,0,2,0,2,0,0,0,0,0,0,5406,0,3510,1896,0
23361,19.371333,19.164913,19.185590,0.000000,0.000457,0.000000,0.000000,0.047500,0.023958,1.228167,641,8101981,120720,0,2,0,2,0,0,0,0,0,0,7208,0,4680,2528,0
23362,19.799167,19.701245,19.700010,0.000000,0.000458,0.000000,0.000000,0.073291,0.025459,0.932959,629,8119904,123264,0,2,0,2,0,0,0,0,0,0,5406,0,3510,1896,0
23363,18.888166,18.637290,18.647712,0.000000,0.000625,0.000000,0.000000,0.062417,0.017292,1.277625,634,8094507,126449,0,2,0,2,0,0,0,0,0,0,5728,0,3510,2218,0
23364,20.930875,20.791664,20.806588,0.000000,0.000333,0.000000,0.000000,0.059000,0.024959,1.302667,640,8107048,126374,0,2,0,2,0,0,0,0,0,0,7208,0,4680,2528,0
23365,19.549250,19.395706,19.395043,0.000000,0.000251,0.000000,0.000000,0.052459,0.036458,1.307208,631,8107310,125464,0,2,0,2,0,0,0,0,0,0,5406,0,3510,1896,0
23366,18.602584,18.452712,18.466536,0.000000,0.000375,0.000000,0.000000,0.065500,0.022083,0.651667,630,8107353,123702,0,2,0,2,0,0,0,0,0,0,5406,0,3510,1896,0
23367,19.552708,19.381279,19.400536,0.000000,0.000458,0.000000,0.000000,0.058667,0.015500,1.231500,642,8106944,122294,0,2,0,2,0,0,0,0,0,0,7208,0,4680,2528,0
23368,20.045083,19.866412,19.877340,0.000000,0.000292,0.000000,0.000000,0.067417,0.019708,0.961083,630,8107250,125109,0,2,0,2,0,0,0,0,0,0,5406,0,3510,1896,0
23369,19.915500,19.734160,19.759344,0.000000,0.000501,0.000000,0.000000,0.054167,0.018417,0.982334,633,8107291,123067,0,2,0,2,0,0,0,0,0,0,5406,0,3510,1896,0
23370,20.732792,20.651662,20.459577,0.000000,0.000541,0.000000,0.000000,0.093042,0.036458,0.944541,642,8122525,122534,0,2,0,2,0,0,0,0,0,0,7208,0,4680,2528,0
23371,20.538875,20.298376,20.261370,0.000000,0.000499,0.000000,0.000000,0.076208,0.017959,0.952833,632,8091853,123722,0,2,0,2,0,0,0,0,0,0,5406,0,3510,1896,0
23372,20.141625,19.975585,19.952090,0.000000,0.000916,0.000000,0.000000,0.066042,0.017666,1.256126,632,8107166,122834,0,2,0,2,0,0,0,0,0,0,5406,0,3510,1896,0
23373,18.912917,18.801292,18.783614,0.000000,0.000375,0.000000,0.000000,0.065958,0.017958,1.245832,642,8122504,122630,0,2,0,2,0,0,0,0,0,0,7208,0,4680,2528,0
23374,20.213125,19.987923,19.980661,0.000000,0.000458,0.000000,0.000000,0.063041,0.018667,0.639042,633,8091790,123565,0,2,0,2,0,0,0,0,0,0,5406,0,3510,1896,0
23375,19.734208,19.558974,19.553921,0.000000,0.000416,0.000000,0.000000,0.074417,0.025083,1.108916,631,8107495,122834,0,2,0,2,0,0,0,0,0,0,5406,0,3510,1896,0
23376,19.819333,19.652793,19.654327,0.000000,0.000500,0.000000,0.000000,0.066625,0.018667,0.920167,640,8106849,122071,0,2,0,2,0,0,0,0,0,0,7208,0,4680,2528,0
23377,19.886375,19.722645,19.747306,0.000000,0.000458,0.000000,0.000000,0.061167,0.019792,1.313916,633,8107469,124010,0,2,0,2,0,0,0,0,0,0,5406,0,3510,1896,0
23378,19.642584,19.473923,19.469288,0.000000,0.000458,0.000000,0.000000,0.078125,0.025666,0.943834,631,8107032,123015,0,2,0,2,0,0,0,0,0,0,5406,0,3510,1896,0
23379,19.424083,19.321800,19.332507,0.000000,0.000500,0.000000,0.000000,0.069542,0.015375,1.269709,641,8122573,122275,0,2,0,2,0,0,0,0,0,0,7208,0,4680,2528,0
23380,19.746083,19.510032,19.530802,0.000000,0.000541,0.000000,0.000000,0.069542,0.017083,1.273125,631,8091862,123637,0,2,0,2,0,0,0,0,0,0,5406,0,3510,1896,0
23381,19.536125,19.376379,19.389494,0.000000,0.000333,0.000000,0.000000,0.081792,0.025375,0.488875,631,8107174,122792,0,2,0,2,0,0,0,0,0,0,5406,0,3510,1896,0
23382,20.459959,20.370691,20.314711,0.000000,0.000626,0.000000,0.000000,0.091375,0.029375,0.623250,642,8122446,122271,0,2,0,2,0,0,0,0,0,0,7208,0,4680,2528,0
23383,20.389083,20.141698,20.147305,0.000000,0.000542,0.000000,0.000000,0.063208,0.017750,1.271958,631,8091872,123682,0,2,0,2,0,0,0,0,0,0,5406,0,3510,1896,0
23384,18.758458,18.673030,18.637895,0.000000,0.000624,0.000000,0.000000,0.067000,0.019042,0.782375,634,8122614,123469,0,2,0,2,0,0,0,0,0,0,5406,0,3510,1896,0
23385,19.641292,19.412630,19.392130,0.000000,0.000374,0.000000,0.000000,0.057292,0.014666,0.950875,636,8091622,121623,0,2,0,2,0,0,0,0,0,0,7208,0,4680,2528,0
23386,20.046958,19.876415,19.854125,0.000000,0.000583,0.000000,0.000000,0.077625,0.023250,1.267417,633,8107334,123757,0,2,0,2,0,0,0,0,0,0,5406,0,3510,1896,0
23387,19.704792,19.549202,19.569761,0.000000,0.000376,0.000000,0.000000,0.073208,0.016250,1.273417,633,8107363,122968,0,2,0,2,0,0,0,0,0,0,5406,0,3510,1896,0
23388,18.628250,18.465925,18.457013,0.000000,0.000417,0.000000,0.000000,0.068417,0.020833,0.640000,641,8106876,121942,0,2,0,2,0,0,0,0,0,0,7208,0,4680,2528,0
23389,19.953458,19.829086,19.813718,0.000000,0.000416,0.000000,0.000000,0.065209,0.026791,0.769834,632,8113711,124178,0,2,0,2,0,0,0,0,0,0,5406,0,3510,1896,0
23390,19.609500,19.399714,19.401176,0.000000,0.000292,0.000000,0.000000,0.071250,0.016167,1.315708,631,8100806,122684,0,2,0,2,0,0,0,0,0,0,5406,0,3510,1896,0
23391,19.348792,19.222866,19.231791,0.000000,0.000584,0.000000,0.000000,0.095042,0.018875,1.073874,641,8122533,122464,0,2,0,2,0,0,0,0,0,0,7208,0,4680,2528,0
23392,19.917750,19.819715,19.794669,0.000000,0.000708,0.000000,0.000000,0.092750,0.044667,0.582126,632,8107222,124049,0,2,0,2,0,0,0,0,0,0,5406,0,3510,1896,0
23393,21.916708,21.781502,21.273281,0.000000,0.000750,0.000000,0.000000,0.161917,0.026167,0.615417,633,8107221,123273,0,2,0,2,0,0,0,0,0,0,5406,0,3510,1896,0
23394,22.842917,22.576538,22.015350,0.000000,0.000708,0.000000,0.000000,0.088250,0.044833,0.612917,639,8107087,122001,0,2,0,2,0,0,0,0,0,0,7208,0,4680,2528,0
23395,20.589125,20.342633,20.332083,0.000000,0.000458,0.000000,0.000000,0.062500,0.023667,1.273083,631,8091932,123645,0,2,0,2,0,0,0,0,0,0,5406,0,3510,1896,0
23396,20.029875,19.859119,19.840426,0.000000,0.000458,0.000000,0.000000,0.063458,0.024375,1.275876,632,8107109,122972,0,2,0,2,0,0,0,0,0,0,5406,0,3510,1896,0
23397,19.704667,19.610247,19.606411,0.000000,0.000332,0.000000,0.000000,0.077250,0.021833,1.184874,641,8122641,122545,0,2,0,2,0,0,0,0,0,0,7208,0,4680,2528,0
23398,20.518000,20.279757,20.267110,0.000000,0.000541,0.000000,0.000000,0.061625,0.017291,0.648375,630,8091651,124051,0,2,0,2,0,0,0,0,0,0,5406,0,3510,1896,0
23399,20.282083,20.109628,20.021649,0.000000,0.000333,0.000000,0.000000,0.071917,0.026583,0.886708,633,8107332,123121,0,2,0,2,0,0,0,0,0,0,5406,0,3510,1896,0
23400,19.597417,19.450783,19.466648,0.000000,0.000501,0.000000,0.000000,0.060375,0.025416,0.614958,637,8107049,121935,0,2,0,2,0,0,0,0,0,0,7208,0,4680,2528,0
23401,19.842041,19.665456,19.684260,0.000000,0.000458,0.000000,0.000000,0.059959,0.022250,1.240959,634,8107308,124403,0,2,0,2,0,0,0,0,0,0,5406,0,3510,1896,0
23402,20.026959,19.931931,19.874415,0.000000,0.000292,0.000000,0.000000,0.080500,0.018541,1.243083,637,8122628,123599,0,2,0,2,0,0,0,0,0,0,5406,0,3510,1896,0
23403,20.763875,20.567209,20.301035,0.000000,0.000417,0.000000,0.000000,0.071833,0.028542,0.580500,636,8096373,122636,0,2,0,2,0,0,0,0,0,0,7208,0,4680,2528,0
23404,20.099750,19.968659,19.970332,0.000000,0.000249,0.000000,0.000000,0.093000,0.021958,1.252083,630,8118013,123789,0,2,0,2,0,0,0,0,0,0,5406,0,3510,1896,0
23405,20.215041,19.956625,19.942094,0.000000,0.000541,0.000000,0.000000,0.078042,0.017042,1.232043,629,8091748,122588,0,2,0,2,0,0,0,0,0,0,5406,0,3510,1896,0
23406,20.175792,20.081031,20.099877,0.000000,0.000541,0.000000,0.000000,0.076208,0.019750,1.231458,642,8122646,123584,0,2,0,2,0,0,0,0,0,0,7208,0,4680,2528,0
23407,19.580000,19.347675,19.367072,0.000000,0.000375,0.000000,0.000000,0.059708,0.015042,0.622958,630,8091994,122783,0,2,0,2,0,0,0,0,0,0,5406,0,3510,1896,0
23408,19.735542,19.572881,19.589383,0.000000,0.000584,0.000000,0.000000,0.057541,0.023209,0.948416,634,8107133,123365,0,2,0,2,0,0,0,0,0,0,6862,0,4454,2408,0
23409,19.791708,19.695832,19.709223,0.000000,0.000583,0.000000,0.000000,0.062542,0.033333,0.964459,639,8122406,123613,0,2,0,2,0,0,0,0,0,0,5752,0,3736,2016,0
23410,19.482417,19.239007,19.256922,0.000000,0.000292,0.000000,0.000000,0.072833,0.022542,0.928250,632,8091772,122647,0,2,0,2,0,0,0,0,0,0,5406,0,3510,1896,0
23411,19.480083,19.340998,19.354918,0.000000,0.000458,0.000000,0.000000,0.059417,0.025000,1.237541,641,8122628,122565,0,2,0,2,0,0,0,0,0,0,7208,0,4680,2528,0
23412,19.913458,19.786664,19.804375,0.000000,0.000291,0.000000,0.000000,0.065709,0.019291,0.932166,638,8104332,124331,0,2,0,2,0,0,0,0,0,0,5919,0,3510,2409,0
23413,20.042625,19.822386,19.839492,0.000000,0.000499,0.000000,0.000000,0.075917,0.024708,0.612541,646,8097778,123754,0,2,0,2,0,0,0,0,0,0,6934,0,3510,3424,0
23414,19.743292,19.571118,19.576261,0.000000,0.000460,0.000000,0.000000,0.066292,0.019458,1.301083,641,8103557,122323,0,2,0,2,0,0,0,0,0,0,7208,0,4680,2528,0
23415,20.274500,20.103079,20.086411,0.000000,0.000291,0.000000,0.000000,0.066375,0.018167,0.615708,630,8107651,124544,0,2,0,2,0,0,0,0,0,0,5406,0,3510,1896,0
23416,19.947625,19.847406,19.868420,0.000000,0.000292,0.000000,0.000000,0.078458,0.056125,0.962291,632,8122373,123827,0,2,0,2,0,0,0,0,0,0,5406,0,3510,1896,0
23417,19.760458,19.593039,19.606459,0.000000,0.000291,0.000000,0.000000,0.067959,0.025791,1.155083,640,8107172,122615,0,2,0,2,0,0,0,0,0,0,7208,0,4680,2528,0
23418,19.965792,19.764832,19.779910,0.000000,0.000293,0.000000,0.000000,0.064167,0.016250,1.267499,632,8099590,124656,0,2,0,2,0,0,0,0,0,0,5406,0,3510,1896,0
23419,19.621042,19.412384,19.437618,0.000000,0.000500,0.000000,0.000000,0.065416,0.021709,1.236126,631,8099423,123146,0,2,0,2,0,0,0,0,0,0,5406,0,3510,1896,0
23420,21.754250,21.644179,21.369788,0.000000,0.000458,0.000000,0.000000,0.116500,0.047541,0.712834,640,8122444,122872,0,2,0,2,0,0,0,0,0,0,7208,0,4680,2528,0
23421,23.116541,22.872339,22.301801,0.000000,0.000585,0.000000,0.000000,0.100250,0.024750,0.592583,632,8092157,124010,0,2,0,2,0,0,0,0,0,0,5406,0,3510,1896,0
23422,20.552084,20.452746,20.407739,0.000000,0.000625,0.000000,0.000000,0.070625,0.016500,0.943250,632,8119548,123895,0,2,0,2,0,0,0,0,0,0,5406,0,3510,1896,0
23423,20.286500,20.116452,20.067801,0.000000,0.000584,0.000000,0.000000,0.083750,0.029250,0.969374,641,8109869,122638,0,2,0,2,0,0,0,0,0,0,7208,0,4680,2528,0
23424,20.218125,19.993207,19.986325,0.000000,0.000416,0.000000,0.000000,0.068166,0.032334,1.205500,630,8091833,124044,0,2,0,2,0,0,0,0,0,0,5406,0,3510,1896,0
23425,19.983833,19.819630,19.827313,0.000000,0.000499,0.000000,0.000000,0.056708,0.017084,0.614125,631,8107220,123367,0,2,0,2,0,0,0,0,0,0,5406,0,3510,1896,0
23426,19.762375,19.659216,19.650213,0.000000,0.000377,0.000000,0.000000,0.069875,0.022750,1.267625,641,8122521,122757,0,2,0,2,0,0,0,0,0,0,7208,0,4680,2528,0
23427,20.446792,20.217245,20.218123,0.000000,0.000417,0.000000,0.000000,0.062708,0.028208,0.899042,631,8091901,124007,0,2,0,2,0,0,0,0,0,0,5406,0,3510,1896,0
23428,20.040583,19.944580,19.907464,0.000000,0.000541,0.000000,0.000000,0.069792,0.029166,0.922166,632,8122592,123796,0,2,0,2,0,0,0,0,0,0,5406,0,3510,1896,0
23429,19.606708,19.450137,19.461577,0.000000,0.000375,0.000000,0.000000,0.076917,0.030917,1.234791,641,8107181,122414,0,2,0,2,0,0,0,0,0,0,7208,0,4680,2528,0
23430,20.277959,20.041041,20.054458,0.000000,0.000375,0.000000,0.000000,0.060708,0.016083,1.271750,632,8091742,123983,0,2,0,2,0,0,0,0,0,0,5406,0,3510,1896,0
23431,19.939916,19.772948,19.757752,0.000000,0.000292,0.000000,0.000000,0.054459,0.014708,1.247667,632,8107548,123295,0,2,0,2,0,0,0,0,0,0,5406,0,3510,1896,0
23432,20.430709,20.338985,20.198917,0.000000,0.000583,0.000000,0.000000,0.122333,0.046333,0.915250,641,8122135,122768,0,2,0,2,0,0,0,0,0,0,7208,0,4680,2528,0
23433,20.572166,20.328575,20.270244,0.000000,0.000542,0.000000,0.000000,0.071292,0.027458,0.935249,630,8091816,124470,0,2,0,2,0,0,0,0,0,0,5406,0,3510,1896,0
23434,19.618959,19.445786,19.468443,0.000000,0.000417,0.000000,0.000000,0.072166,0.017459,0.620750,634,8107255,123490,0,2,0,2,0,0,0,0,0,0,5406,0,3510,1896,0
23435,19.556708,19.385526,19.402388,0.000000,0.000374,0.000000,0.000000,0.058083,0.015209,0.953750,640,8107043,122597,0,2,0,2,0,0,0,0,0,0,7208,0,4680,2528,0
23436,19.749625,19.592132,19.606120,0.000000,0.000375,0.000000,0.000000,0.059917,0.025250,1.240708,633,8107272,124581,0,2,0,2,0,0,0,0,0,0,5406,0,3510,1896,0
23437,19.912167,19.836467,19.829615,0.000000,0.000334,0.000000,0.000000,0.080333,0.026167,0.915125,634,8122703,123879,0,2,0,2,0,0,0,0,0,0,5406,0,3510,1896,0
23438,19.754875,19.501885,19.521708,0.000000,0.000459,0.000000,0.000000,0.068958,0.016125,1.226749,639,8091616,122117,0,2,0,2,0,0,0,0,0,0,7208,0,4680,2528,0
23439,20.140166,20.057455,20.049498,0.000000,0.000542,0.000000,0.000000,0.078084,0.018291,1.276500,634,8122671,124977,0,2,0,2,0,0,0,0,0,0,5406,0,3510,1896,0
23440,19.735834,19.492549,19.513827,0.000000,0.000458,0.000000,0.000000,0.059958,0.023542,0.996209,632,8091831,123146,0,2,0,2,0,0,0,0,0,0,5406,0,3510,1896,0
23441,19.802583,19.634053,19.649785,0.000000,0.000291,0.000000,0.000000,0.066458,0.015834,0.290125,639,8107050,122585,0,2,0,2,0,0,0,0,0,0,7208,0,4680,2528,0
23442,20.466125,20.326789,20.346502,0.000000,0.000459,0.000000,0.000000,0.060042,0.025541,0.933250,633,8112109,124547,0,2,0,2,0,0,0,0,0,0,5406,0,3510,1896,0
23443,19.902958,19.718535,19.702511,0.000000,0.000249,0.000000,0.000000,0.058500,0.018959,0.922374,631,8102494,123499,0,2,0,2,0,0,0,0,0,0,5406,0,3510,1896,0
23444,19.835167,19.717252,19.729618,0.000000,0.000458,0.000000,0.000000,0.076875,0.021000,0.960543,640,8122457,122868,0,2,0,2,0,0,0,0,0,0,7208,0,4680,2528,0
23445,19.978125,19.749298,19.769422,0.000000,0.000458,0.000000,0.000000,0.068583,0.019667,1.248833,630,8091796,124100,0,2,0,2,0,0,0,0,0,0,5406,0,3510,1896,0
23446,19.964667,19.809336,19.828964,0.000000,0.000459,0.000000,0.000000,0.063583,0.018792,1.231666,631,8107220,123415,0,2,0,2,0,0,0,0,0,0,5406,0,3510,1896,0
23447,19.781333,19.611504,19.628453,0.000000,0.000417,0.000000,0.000000,0.057250,0.019542,1.283833,638,8107032,122443,0,2,0,2,0,0,0,0,0,0,7208,0,4680,2528,0
23448,20.450125,20.372745,20.231498,0.000000,0.000417,0.000000,0.000000,0.104000,0.021583,0.926417,632,8122699,124737,0,2,0,2,0,0,0,0,0,0,5406,0,3510,1896,0
23449,21.330167,21.069534,20.840575,0.000000,0.000708,0.000000,0.000000,0.085375,0.030500,0.914501,631,8091874,123015,0,2,0,2,0,0,0,0,0,0,5406,0,3510,1896,0
23450,19.845000,19.756252,19.742166,0.000000,0.000625,0.000000,0.000000,0.077875,0.026041,0.297375,642,8122436,122682,0,2,0,2,0,0,0,0,0,0,7208,0,4680,2528,0
23451,19.952083,19.706623,19.724951,0.000000,0.000416,0.000000,0.000000,0.063417,0.025041,0.792125,632,8091823,123872,0,2,0,2,0,0,0,0,0,0,5406,0,3510,1896,0
23452,19.780333,19.621332,19.617873,0.000000,0.000499,0.000000,0.000000,0.076875,0.020834,0.928375,631,8107291,123311,0,2,0,2,0,0,0,0,0,0,5406,0,3510,1896,0
23453,19.654209,19.503749,19.503620,0.000000,0.000374,0.000000,0.000000,0.065083,0.016750,0.930000,639,8107054,122162,0,2,0,2,0,0,0,0,0,0,7208,0,4680,2528,0
23454,20.248666,20.059704,20.052595,0.000000,0.000500,0.000000,0.000000,0.073500,0.021000,0.928333,632,8107290,124258,0,2,0,2,0,0,0,0,0,0,5406,0,3510,1896,0
23455,19.629125,19.466908,19.473082,0.000000,0.000250,0.000000,0.000000,0.075917,0.028375,1.282334,636,8107268,123110,0,2,0,2,0,0,0,0,0,0,5406,0,3510,1896,0
23456,19.982875,19.856999,19.860539,0.000000,0.000416,0.000000,0.000000,0.076667,0.029583,1.249542,640,8107185,123032,0,2,0,2,0,0,0,0,0,0,7208,0,4680,2528,0
23457,19.661834,19.466867,19.487968,0.000000,0.000332,0.000000,0.000000,0.057625,0.023250,0.610333,630,8107187,123497,0,2,0,2,0,0,0,0,0,0,5406,0,3510,1896,0
23458,19.689291,19.518539,19.528240,0.000000,0.000542,0.000000,0.000000,0.058750,0.025209,1.101667,631,8107226,123439,0,2,0,2,0,0,0,0,0,0,5406,0,3510,1896,0
23459,20.105542,19.947631,19.947577,0.000000,0.000375,0.000000,0.000000,0.058458,0.020917,0.918624,639,8107048,123429,0,2,0,2,0,0,0,0,0,0,7208,0,4680,2528,0
23460,19.564375,19.395454,19.413054,0.000000,0.000376,0.000000,0.000000,0.055458,0.017834,1.099874,632,8107480,123195,0,2,0,2,0,0,0,0,0,0,5406,0,3510,1896,0
23461,21.692042,21.620333,21.295166,0.000000,0.000376,0.000000,0.000000,0.095541,0.030417,0.932292,639,8122496,123309,0,2,0,2,0,0,0,0,0,0,7004,0,4536,2468,0
23462,20.851083,20.591622,20.586804,0.000000,0.000458,0.000000,0.000000,0.061750,0.030125,0.599209,632,8091619,123354,0,2,0,2,0,0,0,0,0,0,5610,0,3654,1956,0
23463,19.540208,19.403010,19.423478,0.000000,0.000542,0.000000,0.000000,0.079000,0.026750,1.053875,634,8111858,123460,0,2,0,4,0,0,0,0,0,0,5406,0,3510,1896,0
23464,19.754667,19.596369,19.607669,0.000000,0.000417,0.000000,0.000000,0.073208,0.018959,0.587291,641,8117979,122508,0,2,0,0,0,0,0,0,0,0,7208,0,4680,2528,0
23465,19.980875,19.826207,19.836836,0.000000,0.000459,0.000000,0.000000,0.083125,0.022333,0.586792,629,8091717,124059,0,4,0,4,0,0,0,0,0,0,5406,0,3510,1896,0
23466,19.913708,19.714246,19.734916,0.000000,0.000501,0.000000,0.000000,0.057250,0.018375,0.292167,632,8109105,123268,0,2,0,2,0,0,0,0,0,0,5406,0,3510,1896,0
23467,22.400125,22.170412,21.558961,0.000000,0.000834,0.000000,0.000000,0.101792,0.021542,1.025749,637,8105158,122199,0,2,0,2,0,0,0,0,0,0,7208,0,4680,2528,0
23468,22.751500,22.635117,22.312870,0.000000,0.000667,0.000000,0.000000,0.109417,0.024375,0.585417,631,8122674,125011,0,2,0,2,0,0,0,0,0,0,5406,0,3510,1896,0
23469,20.226625,20.059040,20.058512,0.000000,0.002959,0.000000,0.000000,0.081875,0.030709,0.903875,631,8107441,123360,0,2,0,2,0,0,0,0,0,0,5406,0,3510,1896,0
23470,23.195417,23.029278,22.462299,0.000000,0.001417,0.000000,0.000000,0.117208,0.043709,0.595001,638,8106848,122224,0,2,0,2,0,0,0,0,0,0,7208,0,4680,2528,0
23471,25.577208,25.347586,23.171287,0.000000,0.000833,0.000000,0.000000,0.116417,0.037792,0.582209,632,8107289,124453,0,2,0,2,0,0,0,0,0,0,5406,0,3510,1896,0
23472,24.390042,24.166786,23.758507,0.000000,0.000708,0.000000,0.000000,0.086917,0.019666,0.594459,633,8107324,123323,0,2,0,2,0,0,0,0,0,0,5406,0,3510,1896,0
23473,23.673917,23.512086,23.248836,0.000000,0.000458,0.000000,0.000000,0.116000,0.022208,0.880166,640,8107000,122605,0,2,0,2,0,0,0,0,0,0,7208,0,4680,2528,0
23474,26.277750,26.047888,25.284202,0.000000,0.004416,0.000000,0.000000,0.086000,0.041833,0.578207,632,8107250,124482,0,2,0,2,0,0,0,0,0,0,5406,0,3510,1896,0
23475,22.048875,21.768666,21.782998,0.000000,0.000376,0.000000,0.000000,0.065000,0.029958,0.939000,630,8091810,123043,0,2,0,2,0,0,0,0,0,0,5406,0,3510,1896,0
23476,21.566083,21.433201,21.454879,0.000000,0.000459,0.000000,0.000000,0.070333,0.020459,1.248625,639,8107069,121966,0,2,0,2,0,0,0,0,0,0,7208,0,4680,2528,0
23477,20.142750,19.969714,19.987171,0.000000,0.000333,0.000000,0.000000,0.054250,0.024083,0.920125,632,8107243,124823,0,2,0,2,0,0,0,0,0,0,5406,0,3510,1896,0
23478,19.573583,19.361441,19.377953,0.000000,0.000584,0.000000,0.000000,0.055292,0.021542,1.214208,634,8107251,123669,0,2,0,2,0,0,0,0,0,0,5406,0,3510,1896,0
23479,19.537792,19.405455,19.425132,0.000000,0.000376,0.000000,0.000000,0.047500,0.023583,1.221333,640,8107044,122309,0,2,0,2,0,0,0,0,0,0,7208,0,4680,2528,0
23480,19.988333,19.792624,19.792457,0.000000,0.000499,0.000000,0.000000,0.060334,0.026958,1.227000,634,8107345,124391,0,2,0,2,0,0,0,0,0,0,5406,0,3510,1896,0
23481,19.511084,19.347249,19.360839,0.000000,0.000376,0.000000,0.000000,0.052625,0.015958,0.612375,632,8107353,123444,0,2,0,2,0,0,0,0,0,0,5406,0,3510,1896,0
23482,19.243875,19.105794,19.124708,0.000000,0.000334,0.000000,0.000000,0.044041,0.013667,1.156375,637,8106869,122252,0,2,0,2,0,0,0,0,0,0,7208,0,4680,2528,0
23483,20.009416,19.801670,19.763920,0.000000,0.000291,0.000000,0.000000,0.065209,0.017791,0.580209,633,8107252,124866,0,2,0,2,0,0,0,0,0,0,5406,0,3510,1896,0
23484,18.816750,18.666252,18.677175,0.000000,0.000416,0.000000,0.000000,0.043292,0.012750,0.915541,631,8107560,123285,0,2,0,2,0,0,0,0,0,0,5406,0,3510,1896,0
23485,17.790375,17.662731,17.674287,0.000000,0.000291,0.000000,0.000000,0.047375,0.012042,1.213625,641,8106752,122347,0,2,0,2,0,0,0,0,0,0,7208,0,4680,2528,0
23486,17.838334,17.661270,17.675746,0.000000,0.000376,0.000000,0.000000,0.045500,0.013708,0.610417,630,8107260,124538,0,2,0,2,0,0,0,0,0,0,5406,0,3510,1896,0
23487,17.513625,17.367206,17.382921,0.000000,0.000210,0.000000,0.000000,0.040916,0.014667,1.213959,634,8107270,123487,0,2,0,2,0,0,0,0,0,0,5406,0,3510,1896,0
23488,17.819000,17.686859,17.703969,0.000000,0.000416,0.000000,0.000000,0.067125,0.015958,1.216626,641,8107022,122469,0,2,0,2,0,0,0,0,0,0,7208,0,4680,2528,0
23489,18.166250,17.990574,18.003039,0.000000,0.000624,0.000000,0.000000,0.052291,0.024542,0.607333,633,8107274,124688,0,2,0,2,0,0,0,0,0,0,5406,0,3510,1896,0
23490,17.680166,17.532751,17.547390,0.000000,0.000291,0.000000,0.000000,0.044000,0.019167,0.907042,631,8107322,123351,0,2,0,2,0,0,0,0,0,0,5406,0,3510,1896,0
23491,17.332167,17.119193,17.139337,0.000000,0.000126,0.000000,0.000000,0.040375,0.012417,0.796083,639,8091551,121742,0,2,0,2,0,0,0,0,0,0,7208,0,4680,2528,0
23492,18.530708,18.515542,18.520632,0.000000,0.000333,0.000000,0.000000,0.079125,0.017959,0.295416,633,8138244,125511,0,2,0,2,0,0,0,0,0,0,5406,0,3510,1896,0
23493,18.255875,18.042601,18.055888,0.000000,0.000332,0.000000,0.000000,0.066834,0.016500,1.010291,631,8091701,123224,0,2,0,2,0,0,0,0,0,0,5406,0,3510,1896,0
23494,18.146042,18.040427,18.059133,0.000000,0.000499,0.000000,0.000000,0.061292,0.029041,1.247001,641,8107034,122294,0,2,0,2,0,0,0,0,0,0,7208,0,4680,2528,0
23495,18.521625,18.385096,18.394796,0.000000,0.000335,0.000000,0.000000,0.060292,0.033916,0.613500,632,8122881,124968,0,2,0,2,0,0,0,0,0,0,5406,0,3510,1896,0
23496,18.604958,18.417829,18.401873,0.000000,0.000542,0.000000,0.000000,0.067959,0.016791,0.921458,629,8091656,123193,0,2,0,2,0,0,0,0,0,0,5406,0,3510,1896,0
23497,18.284834,18.154844,18.146243,0.000000,0.000293,0.000000,0.000000,0.072083,0.028833,0.913250,639,8107056,122498,0,2,0,2,0,0,0,0,0,0,7208,0,4680,2528,0
23498,19.075125,18.911292,18.826832,0.000000,0.000624,0.000000,0.000000,0.078625,0.020458,0.908958,634,8122703,125185,0,2,0,2,0,0,0,0,0,0,5406,0,3510,1896,0
23499,18.202833,18.073151,18.032617,0.000000,0.000500,0.000000,0.000000,0.060875,0.022917,0.619375,631,8091815,123305,0,2,0,2,0,0,0,0,0,0,5406,0,3510,1896,0
23500,18.836875,18.689493,18.756991,0.000000,0.000499,0.000000,0.000000,0.079625,0.020792,1.028500,642,8114674,122761,0,2,0,2,0,0,0,0,0,0,7208,0,4680,2528,0
23501,20.114583,19.936084,19.945498,0.000000,0.000543,0.000000,0.000000,0.069875,0.016209,1.222708,631,8115078,124442,0,2,0,2,0,0,0,0,0,0,5406,0,3510,1896,0
23502,19.678209,19.477166,19.506870,0.000000,0.000416,0.000000,0.000000,0.063458,0.022292,0.930458,631,8091808,123231,0,2,0,2,0,0,0,0,0,0,5406,0,3510,1896,0
23503,20.195458,20.032413,20.014159,0.000000,0.000542,0.000000,0.000000,0.069542,0.019083,1.301083,639,8107009,122514,0,2,0,2,0,0,0,0,0,0,7208,0,4680,2528,0
23504,20.306042,20.109109,20.099821,0.000000,0.000375,0.000000,0.000000,0.064958,0.023583,1.248709,633,8107303,124548,0,2,0,2,0,0,0,0,0,0,5406,0,3510,1896,0
23505,19.905125,19.794187,19.787292,0.000000,0.000416,0.000000,0.000000,0.075750,0.018000,1.246833,630,8119351,123523,0,2,0,2,0,0,0,0,0,0,5406,0,3510,1896,0
23506,19.767083,19.606266,19.610029,0.000000,0.000417,0.000000,0.000000,0.071625,0.015875,0.628459,638,8110403,122799,0,2,0,2,0,0,0,0,0,0,7208,0,4680,2528,0
23507,19.972875,19.785620,19.784958,0.000000,0.000541,0.000000,0.000000,0.072750,0.017500,0.898667,631,8091816,123896,0,2,0,2,0,0,0,0,0,0,5406,0,3510,1896,0
23508,19.788417,19.646211,19.664995,0.000000,0.000543,0.000000,0.000000,0.071166,0.028959,0.908124,634,8122689,123798,0,2,0,2,0,0,0,0,0,0,5406,0,3510,1896,0
23509,19.741666,19.513203,19.532544,0.000000,0.000501,0.000000,0.000000,0.071500,0.017667,0.930583,639,8091649,123218,0,2,0,2,0,0,0,0,0,0,7208,0,4680,2528,0
23510,20.069209,19.891533,19.890407,0.000000,0.000374,0.000000,0.000000,0.054500,0.019708,1.276292,631,8107310,123361,0,2,0,2,0,0,0,0,0,0,5406,0,3510,1896,0
23511,19.816541,19.657077,19.680036,0.000000,0.000458,0.000000,0.000000,0.054834,0.023000,1.241541,630,8107193,123357,0,2,0,2,0,0,0,0,0,0,5406,0,3510,1896,0
23512,19.041750,18.892423,18.857166,0.000000,0.000376,0.000000,0.000000,0.058917,0.022375,0.624458,638,8107473,123654,0,2,0,2,0,0,0,0,0,0,7208,0,4680,2528,0
23513,19.718834,19.535836,19.522218,0.000000,0.000375,0.000000,0.000000,0.059083,0.021500,1.268792,634,8106899,123636,0,2,0,2,0,0,0,0,0,0,5406,0,3510,1896,0
23514,19.599333,19.447574,19.469854,0.000000,0.000374,0.000000,0.000000,0.058958,0.023875,0.605417,632,8107245,123375,0,2,0,2,0,0,0,0,0,0,6944,0,4536,2408,0
23515,19.853458,19.739206,19.727115,0.000000,0.000417,0.000000,0.000000,0.060917,0.021333,0.920416,639,8122550,123708,0,2,0,2,0,0,0,0,0,0,5670,0,3654,2016,0
23516,19.623459,19.466937,19.476885,0.000000,0.000584,0.000000,0.000000,0.071333,0.026042,1.242500,633,8107237,123509,0,2,0,2,0,0,0,0,0,0,5406,0,3510,1896,0
23517,19.423916,19.243874,19.247201,0.000000,0.000417,0.000000,0.000000,0.062500,0.023125,1.220584,639,8107123,122321,0,2,0,2,0,0,0,0,0,0,7208,0,4680,2528,0
23518,20.005209,19.782303,19.780962,0.000000,0.000417,0.000000,0.000000,0.055875,0.027208,1.235542,630,8092140,124164,0,2,0,2,0,0,0,0,0,0,5406,0,3510,1896,0
23519,18.738416,18.653881,18.669410,0.000000,0.000500,0.000000,0.000000,0.061834,0.028916,0.622625,646,8122181,123966,0,2,0,2,0,0,0,0,0,0,6943,0,3510,3433,0
23520,20.773500,20.560371,20.472924,0.000000,0.003626,0.000000,0.000000,0.089625,0.017667,0.779501,645,8091426,122292,0,2,0,2,0,0,0,0,0,0,7712,0,4680,3032,0
23521,20.457959,20.255340,20.249246,0.000000,0.000542,0.000000,0.000000,0.064958,0.028375,0.957333,632,8107349,124534,0,2,0,2,0,0,0,0,0,0,5406,0,3510,1896,0
23522,19.151750,19.003425,18.966825,0.000000,0.000543,0.000000,0.000000,0.070375,0.021083,0.953250,631,8107188,123441,0,2,0,2,0,0,0,0,0,0,5406,0,3510,1896,0
23523,19.887916,19.762920,19.753502,0.000000,0.000583,0.000000,0.000000,0.072459,0.026083,0.918167,642,8111580,122539,0,2,0,2,0,0,0,0,0,0,7208,0,4680,2528,0
23524,20.180875,19.976595,19.952198,0.000000,0.000501,0.000000,0.000000,0.077334,0.026000,1.235750,631,8107441,124484,0,2,0,2,0,0,0,0,0,0,5406,0,3510,1896,0
23525,20.279875,20.114885,20.032752,0.000000,0.000499,0.000000,0.000000,0.097500,0.044334,0.588457,633,8118018,123637,0,2,0,2,0,0,0,0,0,0,5406,0,3510,1896,0
23526,20.368959,20.207719,20.151991,0.000000,0.000542,0.000000,0.000000,0.079500,0.052625,0.918458,640,8091637,121785,0,2,0,2,0,0,0,0,0,0,7208,0,4680,2528,0
23527,22.235166,22.189376,21.777005,0.000000,0.001084,0.000000,0.000000,0.147334,0.057916,0.590333,632,8122688,124943,0,2,0,2,0,0,0,0,0,0,5406,0,3510,1896,0
23528,22.363459,22.094295,21.678099,0.000000,0.000708,0.000000,0.000000,0.075333,0.024333,0.621458,634,8107275,123550,0,2,0,2,0,0,0,0,0,0,5406,0,3510,1896,0
23529,20.871583,20.722834,20.677884,0.000000,0.000499,0.000000,0.000000,0.105833,0.019334,0.600125,640,8100645,122479,0,2,0,2,0,0,0,0,0,0,7208,0,4680,2528,0
23530,23.098000,22.889256,22.674707,0.000000,0.000834,0.000000,0.000000,0.087917,0.031125,0.604083,632,8113789,124368,0,2,0,2,0,0,0,0,0,0,5406,0,3510,1896,0
23531,22.237125,21.961328,21.904329,0.000000,0.000625,0.000000,0.000000,0.075000,0.019875,0.947583,631,8091669,123104,0,2,0,2,0,0,0,0,0,0,5406,0,3510,1896,0
23532,22.204750,22.054126,22.076499,0.000000,0.000668,0.000000,0.000000,0.067583,0.025792,1.050124,640,8107048,122128,0,2,0,2,0,0,0,0,0,0,7208,0,4680,2528,0
23533,22.740042,22.509001,22.504293,0.000000,0.000457,0.000000,0.000000,0.071958,0.019125,1.306500,631,8107316,124694,0,2,0,2,0,0,0,0,0,0,5406,0,3510,1896,0
23534,20.013708,19.923132,19.940911,0.000000,0.000375,0.000000,0.000000,0.086375,0.020083,0.937917,634,8122613,123868,0,2,0,2,0,0,0,0,0,0,5406,0,3510,1896,0
23535,20.185292,19.951889,19.940259,0.000000,0.000249,0.000000,0.000000,0.067625,0.017125,1.268167,637,8091602,121841,0,2,0,2,0,0,0,0,0,0,7208,0,4680,2528,0
23536,19.957416,19.769547,19.781748,0.000000,0.000417,0.000000,0.000000,0.060959,0.030083,1.239250,633,8107301,124525,0,2,0,2,0,0,0,0,0,0,5406,0,3510,1896,0
23537,19.845292,19.681374,19.663448,0.000000,0.000458,0.000000,0.000000,0.069417,0.016625,1.266917,630,8107240,123479,0,2,0,2,0,0,0,0,0,0,5406,0,3510,1896,0
23538,20.745208,20.602988,20.622711,0.000000,0.000374,0.000000,0.000000,0.073125,0.028167,1.288167,642,8107026,122315,0,2,0,2,0,0,0,0,0,0,7208,0,4680,2528,0
23539,20.312959,20.191565,20.138313,0.000000,0.000458,0.000000,0.000000,0.070458,0.026167,1.276708,632,8122742,124805,0,2,0,2,0,0,0,0,0,0,5406,0,3510,1896,0
23540,19.596500,19.440490,19.453912,0.000000,0.003208,0.000000,0.000000,0.087833,0.018833,0.337042,632,8107286,123229,0,2,0,2,0,0,0,0,0,0,5406,0,3510,1896,0
23541,19.882958,19.653084,19.650338,0.000000,0.000542,0.000000,0.000000,0.070833,0.029667,0.948291,640,8091543,121682,0,2,0,2,0,0,0,0,0,0,7208,0,4680,2528,0
23542,21.275917,21.137793,21.127002,0.000000,0.000374,0.000000,0.000000,0.066125,0.018291,0.983084,632,8119898,124509,0,2,0,2,0,0,0,0,0,0,5406,0,3510,1896,0
23543,20.174416,19.959334,19.980459,0.000000,0.000499,0.000000,0.000000,0.068625,0.023584,1.004332,632,8094608,122962,0,2,0,2,0,0,0,0,0,0,5406,0,3510,1896,0
23544,20.549125,20.396210,20.413207,0.000000,0.000375,0.000000,0.000000,0.080500,0.016334,0.928000,638,8107078,122045,0,2,0,2,0,0,0,0,0,0,7208,0,4680,2528,0
23545,20.739459,20.540290,20.561917,0.000000,0.003083,0.000000,0.000000,0.066250,0.019916,1.079001,633,8107238,124364,0,2,0,2,0,0,0,0,0,0,5406,0,3510,1896,0
23546,20.421750,20.245582,20.263137,0.000000,0.000542,0.000000,0.000000,0.069125,0.023375,1.064542,631,8107254,123088,0,2,0,2,0,0,0,0,0,0,5406,0,3510,1896,0
23547,20.171750,20.020287,20.033198,0.000000,0.000375,0.000000,0.000000,0.085458,0.023625,1.182875,640,8107103,122075,0,2,0,2,0,0,0,0,0,0,7208,0,4680,2528,0
23548,21.625416,21.511869,21.359458,0.000000,0.000543,0.000000,0.000000,0.081334,0.018125,0.593333,634,8122696,124460,0,2,0,2,0,0,0,0,0,0,5406,0,3510,1896,0
23549,22.001917,21.845849,21.868508,0.000000,0.000457,0.000000,0.000000,0.066000,0.037750,0.942875,631,8107229,141777,0,2,0,2,0,0,0,0,0,0,5406,0,3510,1896,0
23550,20.291042,20.066582,20.034250,0.000000,0.000542,0.000000,0.000000,0.059000,0.017416,1.269750,638,8091571,121623,0,2,0,2,0,0,0,0,0,0,7208,0,4680,2528,0
23551,19.956875,19.757204,19.765002,0.000000,0.000501,0.000000,0.000000,0.080291,0.018959,0.983250,634,8107501,124504,0,2,0,2,0,0,0,0,0,0,5406,0,3510,1896,0
23552,19.918375,19.741619,19.757499,0.000000,0.000249,0.000000,0.000000,0.062666,0.018375,1.272749,632,8107208,123307,0,2,0,2,0,0,0,0,0,0,5406,0,3510,1896,0
23553,19.680750,19.540293,19.547202,0.000000,0.000416,0.000000,0.000000,0.058750,0.015166,0.622958,639,8112963,122503,0,2,0,2,0,0,0,0,0,0,7208,0,4680,2528,0
23554,20.031916,19.826456,19.814669,0.000000,0.000500,0.000000,0.000000,0.068209,0.023625,0.918291,630,8101171,123945,0,2,0,2,0,0,0,0,0,0,5406,0,3510,1896,0
23555,19.612334,19.460846,19.466200,0.000000,0.003251,0.000000,0.000000,0.073083,0.029750,0.607250,632,8107250,123154,0,2,0,2,0,0,0,0,0,0,5406,0,3510,1896,0
23556,19.489791,19.317909,19.322473,0.000000,0.000416,0.000000,0.000000,0.064834,0.017041,1.237292,641,8107058,122144,0,2,0,2,0,0,0,0,0,0,7208,0,4680,2528,0
23557,20.110417,19.963329,19.943410,0.000000,0.000501,0.000000,0.000000,0.072708,0.026500,1.226667,630,8107295,124566,0,2,0,2,0,0,0,0,0,0,5406,0,3510,1896,0
23558,19.725208,19.612911,19.618425,0.000000,0.000500,0.000000,0.000000,0.064417,0.031750,1.068167,633,8117823,123460,0,2,0,2,0,0,0,0,0,0,5406,0,3510,1896,0
23559,19.682084,19.450334,19.469915,0.000000,0.000333,0.000000,0.000000,0.078250,0.024125,0.619792,636,8096473,121917,0,2,0,2,0,0,0,0,0,0,7208,0,4680,2528,0
23560,20.118666,19.975206,19.968710,0.000000,0.000417,0.000000,0.000000,0.071709,0.019875,0.989959,633,8107239,123988,0,2,0,2,0,0,0,0,0,0,5406,0,3510,1896,0
23561,19.608000,19.412830,19.416162,0.000000,0.000541,0.000000,0.000000,0.061834,0.024833,0.915333,632,8107525,123086,0,2,0,2,0,0,0,0,0,0,5406,0,3510,1896,0
23562,19.234084,19.119814,19.118604,0.000000,0.000333,0.000000,0.000000,0.060416,0.019292,1.240334,642,8106937,127353,0,2,0,2,0,0,0,0,0,0,7455,0,4680,2775,0
23563,20.850208,20.636575,20.634877,0.000000,0.000333,0.000000,0.000000,0.065208,0.021292,1.267749,634,8122513,126182,0,2,0,2,0,0,0,0,0,0,5406,0,3510,1896,0
23564,19.439833,19.292665,19.306619,0.000000,0.000374,0.000000,0.000000,0.061792,0.016667,1.239416,632,8107546,120800,0,2,0,2,0,0,0,0,0,0,5406,0,3510,1896,0
23565,19.458000,19.266337,19.285389,0.000000,0.000500,0.000000,0.000000,0.090000,0.083417,1.262666,637,8106794,120898,0,2,0,2,0,0,0,0,0,0,7208,0,4680,2528,0
23566,19.365209,19.261903,19.273546,0.000000,0.000583,0.000000,0.000000,0.087000,0.025833,0.619333,637,8138065,122085,0,2,0,2,0,0,0,0,0,0,5565,0,3510,2055,0
23567,21.198958,20.992373,20.970406,0.000000,0.000666,0.000000,0.000000,0.086875,0.027458,0.951792,630,8060946,128383,0,2,0,2,0,0,0,0,0,0,6944,0,4536,2408,0
23568,19.904708,19.731467,19.729568,0.000000,0.000499,0.000000,0.000000,0.072334,0.027291,0.948333,636,8107100,120765,0,2,0,2,0,0,0,0,0,0,5670,0,3654,2016,0
23569,19.631167,19.483547,19.268718,0.000000,0.000667,0.000000,0.000000,0.091958,0.024917,1.249542,634,8122670,117725,0,2,0,2,0,0,0,0,0,0,5406,0,3510,1896,0
