frame,emulated_frame,total_ms,cpu_wall_ms,cpu_thread_ms,cpu_idle_ms,cpu_throttle_sleep_ms,cpu_throttle_requested_ms,cpu_throttle_lateness_ms,video_build_ms,present_ms,audio_mix_ms,static_bursts,static_cycles,static_native_dispatches,static_fallback_steps,static_hook_fallbacks,fallback_mfspr,fallback_mtspr,fallback_cache,fallback_dcbst,fallback_dcbf,fallback_dcbi,fallback_icbi,fallback_other,cache_controls,cache_control_dcbst,cache_control_dcbf,cache_control_dcbi,cache_control_icbi
3434,48123,17.447250,17.070506,12.472754,0.006165,0.000293,0.000000,0.000000,3.867542,0.014125,0.490375,2074,3426816,120274,0,2,0,2,0,0,0,0,0,0,5406,0,3510,1896,0
3435,48124,16.308959,15.928767,12.146273,0.006796,0.000500,0.000000,0.000000,4.209458,0.029292,0.616375,2108,3376482,117934,0,2,0,2,0,0,0,0,0,0,5406,0,3510,1896,0
3436,48125,16.771458,16.404056,12.243212,0.006876,0.000375,0.000000,0.000000,4.108833,0.052084,0.678750,2023,3392258,116090,0,2,0,2,0,0,0,0,0,0,7208,0,4680,2528,0
3437,48126,16.476833,16.109393,12.071149,0.006830,0.000418,0.000000,0.000000,4.173375,0.021750,1.045208,2098,3418863,119765,0,2,0,2,0,0,0,0,0,0,5406,0,3510,1896,0
3438,48127,16.048125,15.681447,11.608044,0.007625,0.000291,0.000000,0.000000,4.859709,0.013333,0.651167,2095,3361171,117394,0,2,0,2,0,0,0,0,0,0,5406,0,3510,1896,0
3439,48128,16.795792,16.444727,11.649189,0.007293,0.000332,0.000000,0.000000,4.754042,0.012583,0.631957,2032,3410536,117264,0,2,0,2,0,0,0,0,0,0,7208,0,4680,2528,0
3440,48129,16.850083,16.484291,11.800469,0.007785,0.000376,0.000000,0.000000,4.631834,0.029416,0.646083,2049,3374450,117494,0,2,0,2,0,0,0,0,0,0,5406,0,3510,1896,0
3441,48130,16.575000,16.201428,11.654011,0.007663,0.006416,0.000000,0.000000,4.655334,0.028125,0.307333,2131,3390620,118508,0,2,0,2,0,0,0,0,0,0,5406,0,3510,1896,0
3442,48131,16.907334,16.546298,11.941178,0.007615,0.000415,0.000000,0.000000,4.415125,0.016958,0.666250,2062,3414417,117492,0,2,0,2,0,0,0,0,0,0,7208,0,4680,2528,0
3443,48132,17.545583,17.170937,12.907542,0.008174,0.000501,0.000000,0.000000,3.499875,0.025458,0.310000,2061,3362454,117302,0,2,0,2,0,0,0,0,0,0,5406,0,3510,1896,0
3444,48133,16.738583,16.355971,12.988685,0.010198,0.000584,0.000000,0.000000,3.586250,0.019625,0.710042,2056,3351972,115283,0,2,0,2,0,0,0,0,0,0,7004,0,4536,2468,0
3445,48134,17.770209,17.390404,13.761631,0.007499,0.000665,0.000000,0.000000,2.483666,0.017792,0.294250,2086,3463602,120626,0,2,0,2,0,0,0,0,0,0,5610,0,3654,1956,0
3446,48135,15.585625,15.211514,12.838668,0.007672,0.000499,0.000000,0.000000,3.365333,0.014625,0.951793,2052,3363110,117392,0,2,0,2,0,0,0,0,0,0,5406,0,3510,1896,0
3447,48136,15.701416,15.322422,12.070881,0.008262,0.000542,0.000000,0.000000,4.232375,0.013584,0.664708,2062,3357518,115095,0,2,0,2,0,0,0,0,0,0,7208,0,4680,2528,0
3448,48137,17.021334,16.629339,12.488159,0.007205,0.000290,0.000000,0.000000,4.150708,0.023667,1.241500,2069,3417712,119046,0,2,0,2,0,0,0,0,0,0,5406,0,3510,1896,0
3449,48138,16.668458,16.288868,12.222638,0.007198,0.000541,0.000000,0.000000,3.951667,0.013333,0.646834,2062,3398899,118631,0,2,0,2,0,0,0,0,0,0,5406,0,3510,1896,0
3450,48139,16.159750,15.793884,11.926697,0.007588,0.000375,0.000000,0.000000,4.605500,0.014292,0.300792,2036,3376159,115443,0,2,0,2,0,0,0,0,0,0,7208,0,4680,2528,0
3451,48140,16.773375,16.411577,11.910353,0.014617,0.000627,0.000000,0.000000,4.439708,0.021084,0.596417,2084,3418768,119707,0,2,0,2,0,0,0,0,0,0,5406,0,3510,1896,0
3452,48141,16.332292,15.975043,11.641271,0.007331,0.000375,0.000000,0.000000,4.733791,0.014042,0.636750,2013,3351292,116398,0,2,0,2,0,0,0,0,0,0,5406,0,3510,1896,0
3453,48142,16.710416,16.328738,11.715732,0.006456,0.000293,0.000000,0.000000,4.598750,0.029417,0.794292,2038,3386765,116366,0,2,0,2,0,0,0,0,0,0,7208,0,4680,2528,0
3454,48143,16.809959,16.437981,11.897462,0.007036,0.000374,0.000000,0.000000,4.521125,0.013875,0.307000,2079,3405623,118817,0,2,0,2,0,0,0,0,0,0,5406,0,3510,1896,0
3455,48144,16.604458,16.243338,11.799309,0.007122,0.000417,0.000000,0.000000,4.554792,0.013333,0.639709,2059,3368108,117533,0,2,0,2,0,0,0,0,0,0,5406,0,3510,1896,0
3456,48145,16.377542,16.033672,11.558535,0.007458,0.000250,0.000000,0.000000,4.952000,0.021750,0.898208,2017,3354233,114321,0,2,0,2,0,0,0,0,0,0,7208,0,4680,2528,0
3457,48146,17.122083,16.737014,11.893136,0.006957,0.000332,0.000000,0.000000,4.507167,0.025333,0.289875,2109,3447904,121025,0,2,0,2,0,0,0,0,0,0,5406,0,3510,1896,0
3458,48147,16.624417,16.270302,11.851936,0.007258,0.000541,0.000000,0.000000,4.541500,0.014375,0.643916,2051,3353491,117041,0,2,0,2,0,0,0,0,0,0,5406,0,3510,1896,0
3459,48148,16.256541,15.908970,11.471460,0.007755,0.000374,0.000000,0.000000,4.834209,0.022458,0.302167,2004,3347636,114201,0,2,0,2,0,0,0,0,0,0,7208,0,4680,2528,0
3460,48149,17.229625,16.854518,12.109760,0.006631,0.000457,0.000000,0.000000,4.426834,0.013291,0.927792,2080,3438469,120328,0,2,0,2,0,0,0,0,0,0,5406,0,3510,1896,0
3461,48150,16.417125,16.045867,11.715166,0.009004,0.000500,0.000000,0.000000,4.498000,0.011917,0.637375,2077,3383188,118144,0,2,0,2,0,0,0,0,0,0,5406,0,3510,1896,0
3462,48151,16.224500,15.863860,11.449139,0.007086,0.000209,0.000000,0.000000,5.103125,0.012292,1.019584,2020,3351708,114832,0,2,0,2,0,0,0,0,0,0,7208,0,4680,2528,0
3463,48152,17.751417,17.379108,12.340346,0.006997,0.000458,0.000000,0.000000,4.005667,0.015166,0.313875,2095,3420503,119660,0,2,0,2,0,0,0,0,0,0,5406,0,3510,1896,0
3464,48153,15.895458,15.538328,11.653051,0.007338,0.000375,0.000000,0.000000,4.750792,0.013875,0.626542,2044,3358576,116682,0,2,0,2,0,0,0,0,0,0,5406,0,3510,1896,0
3465,48154,16.903417,16.538624,11.866276,0.007786,0.000415,0.000000,0.000000,4.385750,0.019042,0.951833,2028,3383261,116158,0,2,0,2,0,0,0,0,0,0,7208,0,4680,2528,0
3466,48155,16.535542,16.166853,11.882377,0.007083,0.000501,0.000000,0.000000,4.579416,0.015042,0.305125,2088,3406521,119047,0,2,0,2,0,0,0,0,0,0,5406,0,3510,1896,0
3467,48156,16.657833,16.294008,11.793823,0.006914,0.000290,0.000000,0.000000,4.562167,0.013875,0.771917,2096,3370530,117525,0,2,0,2,0,0,0,0,0,0,5406,0,3510,1896,0
3468,48157,16.193500,15.822936,11.373033,0.007961,0.000166,0.000000,0.000000,5.142000,0.014083,0.316958,2004,3342201,113938,0,2,0,2,0,0,0,0,0,0,7208,0,4680,2528,0
3469,48158,17.692292,17.316670,12.241297,0.007794,0.000290,0.000000,0.000000,4.101500,0.013791,0.780458,2100,3451109,121016,0,2,0,2,0,0,0,0,0,0,5406,0,3510,1896,0
3470,48159,16.030916,15.649342,11.638191,0.007501,0.000418,0.000000,0.000000,4.694000,0.013334,0.291208,2112,3369437,117488,0,2,0,2,0,0,0,0,0,0,5406,0,3510,1896,0
3471,48160,17.237542,16.849032,12.158143,0.008380,0.000792,0.000000,0.000000,4.082583,0.012417,0.584208,2023,3371136,115740,0,2,0,2,0,0,0,0,0,0,7208,0,4680,2528,0
3472,48161,17.223000,16.852447,12.763740,0.007794,0.003499,0.000000,0.000000,3.511875,0.037833,0.583124,2059,3402580,118293,0,2,0,2,0,0,0,0,0,0,5406,0,3510,1896,0
3473,48162,16.024333,15.647093,12.214785,0.007627,0.000542,0.000000,0.000000,4.170375,0.014042,0.291250,2133,3390428,118427,0,2,0,2,0,0,0,0,0,0,5406,0,3510,1896,0
3474,48163,15.932500,15.579075,11.509214,0.006796,0.000334,0.000000,0.000000,4.952084,0.012250,0.742166,2012,3349159,114505,0,2,0,2,0,0,0,0,0,0,7208,0,4680,2528,0
3475,48164,17.629375,17.239596,12.324303,0.007209,0.000416,0.000000,0.000000,3.981084,0.013125,0.416500,2092,3425539,119962,0,2,0,2,0,0,0,0,0,0,5406,0,3510,1896,0
3476,48165,16.233125,15.842016,11.949470,0.007544,0.000292,0.000000,0.000000,4.378667,0.012542,0.770542,2082,3366991,116861,0,2,0,2,0,0,0,0,0,0,5406,0,3510,1896,0
3477,48166,16.656042,16.274102,11.986128,0.007662,0.000209,0.000000,0.000000,4.365250,0.013000,0.352042,2048,3388910,116593,0,2,0,2,0,0,0,0,0,0,7208,0,4680,2528,0
3478,48167,17.048458,16.651985,12.373247,0.007332,0.000292,0.000000,0.000000,4.013917,0.013000,0.630250,2082,3393826,118653,0,2,0,2,0,0,0,0,0,0,5406,0,3510,1896,0
3479,48168,16.329292,15.945220,12.019662,0.007114,0.000250,0.000000,0.000000,4.247708,0.011459,0.350209,2093,3355573,117132,0,2,0,2,0,0,0,0,0,0,5406,0,3510,1896,0
3480,48169,16.275333,15.893127,11.732612,0.007546,0.000291,0.000000,0.000000,4.800250,0.011834,0.732291,2023,3356206,114435,0,2,0,2,0,0,0,0,0,0,7208,0,4680,2528,0
3481,48170,17.475334,17.082819,12.362005,0.007402,0.000332,0.000000,0.000000,3.955583,0.011417,0.943459,2108,3448835,121058,0,2,0,2,0,0,0,0,0,0,5406,0,3510,1896,0
3482,48171,16.172916,15.769540,11.912287,0.007422,0.000293,0.000000,0.000000,4.361209,0.010875,0.498875,2090,3350497,116911,0,2,0,2,0,0,0,0,0,0,5406,0,3510,1896,0
3483,48172,16.418875,16.035704,11.765702,0.007296,0.000206,0.000000,0.000000,4.701417,0.011250,0.912208,2021,3358937,115255,0,2,0,2,0,0,0,0,0,0,7208,0,4680,2528,0
3484,48173,16.975834,16.592875,11.976847,0.007497,0.000334,0.000000,0.000000,4.413500,0.011375,0.289459,2062,3406078,118557,0,2,0,2,0,0,0,0,0,0,5406,0,3510,1896,0
3485,48174,17.145458,16.745598,12.341924,0.006874,0.000292,0.000000,0.000000,3.965167,0.012875,1.244209,2141,3417744,119197,0,2,0,2,0,0,0,0,0,0,7447,0,3510,3937,0
3486,48175,15.781417,15.409127,11.534628,0.007544,0.000334,0.000000,0.000000,4.819166,0.011875,0.341125,2029,3348764,115647,0,2,0,2,0,0,0,0,0,0,7465,0,4680,2785,0
3487,48176,18.645916,18.248788,13.516841,0.006789,0.000333,0.000000,0.000000,2.851209,0.013708,0.600000,2099,3873821,129567,0,2,0,2,0,0,0,0,0,0,5565,0,3510,2055,0
3488,48177,16.719542,16.322103,13.562982,0.007163,0.000376,0.000000,0.000000,2.824000,0.016292,0.584417,2180,3715244,126517,0,2,0,2,0,0,0,0,0,0,5406,0,3510,1896,0
3489,48178,15.042250,14.646135,11.901339,0.007486,0.000416,0.000000,0.000000,4.255792,0.016416,0.608625,2135,3369114,114755,0,2,0,2,0,0,0,0,0,0,7208,0,4680,2528,0
3490,48179,16.414542,16.023500,11.852293,0.007508,0.000248,0.000000,0.000000,4.606458,0.010958,0.905042,2141,3324418,114639,0,2,0,2,0,0,0,0,0,0,5406,0,3510,1896,0
3491,48180,16.957125,16.579379,12.064188,0.007411,0.000667,0.000000,0.000000,4.289541,0.016792,0.608958,2046,3302944,111964,0,2,0,2,0,0,0,0,0,0,5406,0,3510,1896,0
3492,48181,16.970458,16.579677,12.384659,0.007376,0.000206,0.000000,0.000000,4.111792,0.011875,0.739541,2115,3529233,119093,0,2,0,2,0,0,0,0,0,0,7208,0,4680,2528,0
3493,48182,16.550250,16.149148,12.139932,0.007301,0.000250,0.000000,0.000000,4.206958,0.012209,0.608916,2137,3481713,119615,0,2,0,2,0,0,0,0,0,0,5406,0,3510,1896,0
3494,48183,16.805458,16.402429,12.277413,0.006887,0.000208,0.000000,0.000000,3.916792,0.011125,0.589167,2132,3431244,117812,0,2,0,2,0,0,0,0,0,0,5406,0,3510,1896,0
3495,48184,16.346250,15.961614,12.128425,0.007162,0.000290,0.000000,0.000000,4.209375,0.009750,0.616292,2092,3487011,117991,0,2,0,2,0,0,0,0,0,0,7208,0,4680,2528,0
3496,48185,16.517000,16.134538,12.001831,0.006170,0.000376,0.000000,0.000000,4.474667,0.010042,0.894791,2047,3397377,116334,0,2,0,2,0,0,0,0,0,0,5406,0,3510,1896,0
3497,48186,16.845209,16.456659,12.064975,0.007208,0.000208,0.000000,0.000000,4.198875,0.011750,0.581542,2089,3378304,115196,0,2,0,2,0,0,0,0,0,0,7004,0,4536,2468,0
3498,48187,16.437041,16.051986,11.931996,0.007578,0.000250,0.000000,0.000000,4.552125,0.011500,0.290750,2054,3418025,116147,0,2,0,2,0,0,0,0,0,0,5610,0,3654,1956,0
3499,48188,16.778417,16.381942,11.924145,0.007711,0.000293,0.000000,0.000000,4.480833,0.010709,1.245458,2054,3368881,115831,0,2,0,2,0,0,0,0,0,0,5406,0,3510,1896,0
3500,48189,16.668917,16.291884,11.888051,0.007577,0.000208,0.000000,0.000000,4.339875,0.010583,0.292792,2015,3360830,112464,0,2,0,2,0,0,0,0,0,0,7208,0,4680,2528,0
3501,48190,17.007291,16.601080,12.338054,0.007914,0.000416,0.000000,0.000000,4.148084,0.011875,1.084916,2083,3453188,119423,0,2,0,2,0,0,0,0,0,0,5406,0,3510,1896,0
3502,48191,16.594000,16.204010,12.125191,0.007702,0.000292,0.000000,0.000000,4.188667,0.012083,0.291458,2029,3354105,114688,0,2,0,2,0,0,0,0,0,0,5406,0,3510,1896,0
3503,48192,16.193375,15.824791,11.714600,0.007004,0.000334,0.000000,0.000000,4.615417,0.010875,0.912208,2020,3368391,113125,0,2,0,2,0,0,0,0,0,0,7208,0,4680,2528,0
3504,48193,17.514917,17.126463,12.514691,0.007545,0.000334,0.000000,0.000000,3.767125,0.013958,0.601541,2055,3421529,117717,0,2,0,2,0,0,0,0,0,0,5406,0,3510,1896,0
3505,48194,16.010250,15.628662,11.948868,0.006832,0.000293,0.000000,0.000000,4.451250,0.011875,0.353875,2046,3386998,116385,0,2,0,2,0,0,0,0,0,0,5406,0,3510,1896,0
3506,48195,16.161417,15.780822,11.414031,0.007758,0.000251,0.000000,0.000000,4.834750,0.013625,0.621500,2009,3358909,115237,0,2,0,2,0,0,0,0,0,0,7367,0,4680,2687,0
3507,48196,18.798041,18.394949,13.654689,0.007506,0.000499,0.000000,0.000000,2.687959,0.013333,0.638458,2049,3682737,126891,0,2,0,2,0,0,0,0,0,0,5406,0,3510,1896,0
3508,48197,15.584000,15.187931,12.524222,0.007244,0.000416,0.000000,0.000000,3.943417,0.013292,0.611958,2017,3345049,115895,0,2,0,2,0,0,0,0,0,0,5406,0,3510,1896,0
3509,48198,16.224417,15.841639,11.994157,0.007502,0.000418,0.000000,0.000000,4.353208,0.014709,0.640458,2026,3362757,115040,0,2,0,2,0,0,0,0,0,0,7208,0,4680,2528,0
3510,48199,17.012708,16.615198,12.347857,0.007418,0.000292,0.000000,0.000000,4.009209,0.012791,0.972583,2072,3383269,118035,0,2,0,2,0,0,0,0,0,0,5406,0,3510,1896,0
3511,48200,15.767209,15.401867,11.463026,0.006371,0.000375,0.000000,0.000000,4.943375,0.023666,0.500542,2043,3329382,115810,0,2,0,2,0,0,0,0,0,0,5406,0,3510,1896,0
3512,48201,16.538416,16.189165,11.333037,0.007923,0.000499,0.000000,0.000000,4.945167,0.052208,0.592292,1982,3317722,112606,0,2,0,2,0,0,0,0,0,0,7208,0,4680,2528,0
3513,48202,16.482250,16.128456,11.250269,0.009998,0.000457,0.000000,0.000000,5.176917,0.024083,0.933708,2043,3407936,116932,0,2,0,2,0,0,0,0,0,0,5863,0,3510,2353,0
3514,48203,18.112084,17.728716,12.642116,0.005963,0.000501,0.000000,0.000000,3.807708,0.014292,0.302208,2095,3660003,126173,0,2,0,2,0,0,0,0,0,0,5406,0,3510,1896,0
3515,48204,15.604458,15.243348,11.505802,0.007544,0.000416,0.000000,0.000000,4.858458,0.033167,0.952582,2032,3364279,115039,0,2,0,2,0,0,0,0,0,0,7208,0,4680,2528,0
3516,48205,16.819625,16.463956,11.679119,0.006833,0.000334,0.000000,0.000000,4.800458,0.011000,0.312167,2039,3412603,119503,0,2,0,2,0,0,0,0,0,0,5406,0,3510,1896,0
3517,48206,16.853292,16.481955,11.696975,0.006372,0.000417,0.000000,0.000000,4.500166,0.015417,0.933917,2093,3377644,118160,0,2,0,2,0,0,0,0,0,0,5406,0,3510,1896,0
3518,48207,16.201416,15.847495,11.417044,0.006842,0.000333,0.000000,0.000000,4.841334,0.025750,0.635708,2026,3355377,115056,0,2,0,2,0,0,0,0,0,0,7208,0,4680,2528,0
3519,48208,16.971125,16.604313,11.837611,0.007085,0.000583,0.000000,0.000000,4.677667,0.011667,0.929667,2077,3400007,119082,0,2,0,2,0,0,0,0,0,0,5406,0,3510,1896,0
3520,48209,16.542959,16.169312,11.570631,0.007292,0.000542,0.000000,0.000000,4.759916,0.012875,0.631083,2064,3349023,116560,0,2,0,2,0,0,0,0,0,0,5406,0,3510,1896,0
3521,48210,16.387041,16.037954,11.354505,0.007952,0.000709,0.000000,0.000000,5.041542,0.039208,0.300166,2018,3344820,114901,0,2,0,2,0,0,0,0,0,0,7208,0,4680,2528,0
3522,48211,17.212334,16.856455,11.882831,0.006922,0.000415,0.000000,0.000000,4.417375,0.022125,0.925958,2068,3382802,118214,0,2,0,2,0,0,0,0,0,0,5406,0,3510,1896,0
3523,48212,16.780666,16.376542,12.023053,0.007456,0.000624,0.000000,0.000000,4.409667,0.024042,0.657666,2083,3335782,116316,0,2,0,2,0,0,0,0,0,0,5406,0,3510,1896,0
3524,48213,16.223042,15.865701,11.534166,0.007288,0.000333,0.000000,0.000000,4.714500,0.026917,0.768584,1995,3333748,113562,0,2,0,2,0,0,0,0,0,0,7208,0,4680,2528,0
3525,48214,16.411875,16.049981,11.399859,0.014626,0.000416,0.000000,0.000000,5.125125,0.028167,0.648708,2040,3443448,120573,0,2,0,2,0,0,0,0,0,0,5663,0,3510,2153,0
3526,48215,18.089875,17.717194,12.661066,0.006661,0.000541,0.000000,0.000000,3.757375,0.025875,0.595125,2040,3768446,126451,0,2,0,2,0,0,0,0,0,0,5565,0,3510,2055,0
3527,48216,17.369958,16.994232,13.324287,0.007214,0.000624,0.000000,0.000000,2.952459,0.017625,0.301750,2179,3737177,125590,0,2,0,2,0,0,0,0,0,0,7208,0,4680,2528,0
3528,48217,15.542709,15.159900,12.254813,0.005875,0.000625,0.000000,0.000000,4.255000,0.019500,0.588584,2158,3395692,116530,0,2,0,2,0,0,0,0,0,0,5406,0,3510,1896,0
3529,48218,16.485208,16.109014,11.886040,0.006841,0.000626,0.000000,0.000000,4.310833,0.046500,1.272458,2080,3357840,113553,0,2,0,2,0,0,0,0,0,0,5406,0,3510,1896,0
3530,48219,17.068208,16.682769,12.455729,0.006335,0.000750,0.000000,0.000000,3.737959,0.018750,0.502042,2132,3523070,118119,0,2,0,2,0,0,0,0,0,0,7208,0,4680,2528,0
3531,48220,17.428959,17.033670,13.322205,0.006830,0.004791,0.000000,0.000000,3.038583,0.021250,0.598750,2175,3551289,122444,0,2,0,2,0,0,0,0,0,0,5406,0,3510,1896,0
3532,48221,15.704541,15.310759,12.334345,0.006544,0.000458,0.000000,0.000000,4.071959,0.020333,0.296917,2131,3442296,117560,0,2,0,2,0,0,0,0,0,0,5406,0,3510,1896,0
3533,48222,16.393459,16.026790,12.032594,0.006417,0.000501,0.000000,0.000000,4.291666,0.013459,0.929833,2098,3460495,116276,0,2,0,2,0,0,0,0,0,0,7208,0,4680,2528,0
3534,48223,16.712583,16.344871,12.119779,0.007415,0.000417,0.000000,0.000000,4.197500,0.013792,0.303458,2110,3485131,120664,0,2,0,2,0,0,0,0,0,0,5406,0,3510,1896,0
3535,48224,16.608417,16.240613,12.138850,0.011256,0.000541,0.000000,0.000000,4.371000,0.020166,0.929041,2120,3380850,116057,0,2,0,2,0,0,0,0,0,0,5406,0,3510,1896,0
3536,48225,16.248083,15.885096,11.615492,0.007212,0.000291,0.000000,0.000000,4.667583,0.013250,0.934500,2011,3364005,112183,0,2,0,2,0,0,0,0,0,0,7208,0,4680,2528,0
3537,48226,17.338167,16.969820,12.362586,0.008121,0.000542,0.000000,0.000000,4.096875,0.033083,0.299000,2090,3465301,119990,0,2,0,2,0,0,0,0,0,0,5406,0,3510,1896,0
3538,48227,16.195250,15.813620,11.787967,0.007746,0.000500,0.000000,0.000000,4.571291,0.013917,0.949042,2088,3355091,114944,0,2,0,2,0,0,0,0,0,0,5406,0,3510,1896,0
3539,48228,16.442250,16.083711,11.596027,0.006828,0.000375,0.000000,0.000000,4.803833,0.042625,0.643084,2022,3348295,112324,0,2,0,2,0,0,0,0,0,0,7208,0,4680,2528,0
3540,48229,17.191625,16.827652,12.071099,0.008005,0.000498,0.000000,0.000000,4.176791,0.041709,0.612000,2060,3447632,118325,0,2,0,2,0,0,0,0,0,0,5406,0,3510,1896,0
3541,48230,16.447208,16.075226,11.961406,0.007292,0.000582,0.000000,0.000000,4.433167,0.014625,0.293833,2122,3408604,117026,0,2,0,2,0,0,0,0,0,0,5406,0,3510,1896,0
3542,48231,16.489833,16.108426,11.775226,0.006585,0.000249,0.000000,0.000000,4.513500,0.023000,0.927417,2027,3399523,114755,0,2,0,2,0,0,0,0,0,0,7208,0,4680,2528,0
3543,48232,16.521709,16.158688,11.726229,0.007665,0.000584,0.000000,0.000000,4.853750,0.012166,0.642750,2077,3397494,116798,0,2,0,2,0,0,0,0,0,0,5406,0,3510,1896,0
3544,48233,16.430833,16.036166,11.267248,0.007040,0.000375,0.000000,0.000000,5.072125,0.039083,0.930458,2053,3360398,116801,0,2,0,2,0,0,0,0,0,0,5565,0,3510,2055,0
3545,48234,18.652917,18.266169,13.222090,0.006953,0.000500,0.000000,0.000000,3.035416,0.013500,0.935792,2093,3733148,126894,0,2,0,2,0,0,0,0,0,0,7208,0,4680,2528,0
3546,48235,14.865083,14.503924,11.577669,0.008038,0.000291,0.000000,0.000000,4.842958,0.013000,0.306458,2022,3327969,115723,0,2,0,2,0,0,0,0,0,0,5406,0,3510,1896,0
3547,48236,16.587167,16.214951,11.471663,0.008046,0.000459,0.000000,0.000000,5.046458,0.013083,1.219291,2085,3333610,116031,0,2,0,2,0,0,0,0,0,0,5406,0,3510,1896,0
3548,48237,17.258541,16.899350,11.939406,0.007616,0.000541,0.000000,0.000000,4.339334,0.013833,0.318333,2018,3382225,115609,0,2,0,2,0,0,0,0,0,0,7208,0,4680,2528,0
3549,48238,16.422500,16.053672,11.816872,0.010085,0.000418,0.000000,0.000000,4.618417,0.014833,0.817417,2077,3364839,117258,0,2,0,2,0,0,0,0,0,0,5406,0,3510,1896,0
3550,48239,17.094000,16.721659,12.156141,0.007414,0.000501,0.000000,0.000000,4.130459,0.014416,0.301250,2055,3305450,114000,0,2,0,2,0,0,0,0,0,0,7004,0,4536,2468,0
3551,48240,15.723250,15.349021,11.300640,0.007581,0.000459,0.000000,0.000000,5.114709,0.013083,0.976874,1999,3374280,114279,0,2,0,2,0,0,0,0,0,0,6067,0,3654,2413,0
3552,48241,18.507875,18.134455,13.060940,0.006585,0.000332,0.000000,0.000000,3.316625,0.013625,0.931501,2073,3656400,125744,0,2,0,2,0,0,0,0,0,0,5406,0,3510,1896,0
3553,48242,15.564709,15.194234,11.930615,0.006878,0.000458,0.000000,0.000000,4.377708,0.015792,0.663958,2027,3370425,115672,0,2,0,2,0,0,0,0,0,0,7208,0,4680,2528,0
3554,48243,16.854500,16.499549,12.200884,0.007043,0.000626,0.000000,0.000000,4.015958,0.013292,0.653500,2051,3406483,119584,0,2,0,2,0,0,0,0,0,0,5406,0,3510,1896,0
3555,48244,15.996208,15.632079,11.696000,0.007121,0.000333,0.000000,0.000000,4.904708,0.013375,0.297209,2044,3350841,116992,0,2,0,2,0,0,0,0,0,0,5406,0,3510,1896,0
3556,48245,16.664417,16.297280,11.487050,0.007753,0.000501,0.000000,0.000000,4.840833,0.013042,0.739083,2017,3352529,114472,0,2,0,2,0,0,0,0,0,0,7208,0,4680,2528,0
3557,48246,17.179625,16.798810,12.054336,0.006420,0.000583,0.000000,0.000000,4.345041,0.013959,0.638875,2083,3421130,120213,0,2,0,2,0,0,0,0,0,0,5406,0,3510,1896,0
3558,48247,16.288416,15.936796,11.667527,0.007917,0.000335,0.000000,0.000000,4.576084,0.038583,0.704000,2029,3334123,116352,0,2,0,2,0,0,0,0,0,0,5406,0,3510,1896,0
3559,48248,16.331667,15.986857,11.457828,0.007999,0.000541,0.000000,0.000000,5.029792,0.013541,0.491417,1990,3331816,114248,0,2,0,2,0,0,0,0,0,0,7208,0,4680,2528,0
3560,48249,17.091458,16.731547,11.778402,0.007032,0.000625,0.000000,0.000000,4.497834,0.029083,0.590834,2061,3399538,118582,0,2,0,2,0,0,0,0,0,0,5406,0,3510,1896,0
3561,48250,16.537375,16.174766,11.718076,0.009913,0.000459,0.000000,0.000000,4.727542,0.012500,0.940666,2058,3369580,117663,0,2,0,2,0,0,0,0,0,0,5406,0,3510,1896,0
3562,48251,16.545959,16.184869,11.514828,0.007161,0.000417,0.000000,0.000000,4.880125,0.016083,0.643791,2005,3338268,114527,0,2,0,2,0,0,0,0,0,0,7208,0,4680,2528,0
3563,48252,16.891625,16.528051,11.729900,0.006833,0.000334,0.000000,0.000000,4.637458,0.011625,1.288875,2076,3393552,118630,0,2,0,2,0,0,0,0,0,0,5406,0,3510,1896,0
3564,48253,16.433416,16.068146,11.484603,0.006581,0.000375,0.000000,0.000000,5.027334,0.014208,0.327750,2002,3348558,116180,0,2,0,2,0,0,0,0,0,0,5406,0,3510,1896,0
3565,48254,17.030667,16.668870,11.692497,0.006709,0.000333,0.000000,0.000000,4.577792,0.017583,0.954541,2044,3399752,116442,0,2,0,2,0,0,0,0,0,0,7208,0,4680,2528,0
3566,48255,16.709792,16.336698,11.857904,0.006700,0.000376,0.000000,0.000000,4.362000,0.013666,0.302875,2085,3409703,119493,0,2,0,2,0,0,0,0,0,0,5406,0,3510,1896,0
3567,48256,16.150750,15.771966,11.504145,0.007245,0.000417,0.000000,0.000000,5.013875,0.012833,1.183625,2049,3339138,116442,0,2,0,2,0,0,0,0,0,0,5406,0,3510,1896,0
3568,48257,16.643666,16.293895,11.373253,0.006286,0.000458,0.000000,0.000000,5.002500,0.028375,0.655042,1997,3330300,113289,0,2,0,2,0,0,0,0,0,0,7208,0,4680,2528,0
3569,48258,17.143292,16.775118,11.874211,0.007872,0.000500,0.000000,0.000000,4.519208,0.012709,0.304583,2067,3436547,120478,0,2,0,2,0,0,0,0,0,0,5406,0,3510,1896,0
3570,48259,16.474625,16.114402,11.648614,0.007495,0.000416,0.000000,0.000000,4.738208,0.011875,0.607083,2063,3355392,117025,0,2,0,2,0,0,0,0,0,0,5406,0,3510,1896,0
3571,48260,16.388958,16.036955,11.370494,0.007370,0.000542,0.000000,0.000000,4.994584,0.012166,0.637834,2008,3341830,114334,0,2,0,2,0,0,0,0,0,0,7208,0,4680,2528,0
3572,48261,17.108959,16.749359,11.829374,0.007463,0.000626,0.000000,0.000000,4.468833,0.019083,0.962999,2041,3389097,117907,0,2,0,2,0,0,0,0,0,0,5406,0,3510,1896,0
3573,48262,16.569750,16.189916,11.808729,0.007116,0.000418,0.000000,0.000000,4.542250,0.018333,0.639458,2119,3371137,117747,0,2,0,2,0,0,0,0,0,0,5406,0,3510,1896,0
3574,48263,16.305458,15.949743,11.449586,0.008333,0.000292,0.000000,0.000000,5.011458,0.020792,0.639958,1993,3325540,113417,0,2,0,2,0,0,0,0,0,0,7208,0,4680,2528,0
3575,48264,16.967042,16.605864,11.695702,0.006408,0.000500,0.000000,0.000000,4.595958,0.028917,0.639000,2052,3411092,119580,0,2,0,2,0,0,0,0,0,0,5406,0,3510,1896,0
3576,48265,16.538500,16.165712,11.628120,0.006710,0.000458,0.000000,0.000000,4.810166,0.032792,0.946291,2074,3358663,116694,0,2,0,2,0,0,0,0,0,0,5406,0,3510,1896,0
3577,48266,16.530583,16.167734,11.439610,0.007540,0.000375,0.000000,0.000000,4.956750,0.012250,1.298667,2033,3373026,115645,0,2,0,2,0,0,0,0,0,0,7208,0,4680,2528,0
3578,48267,16.992083,16.627368,11.722146,0.007246,0.000542,0.000000,0.000000,4.517417,0.012042,0.508542,2075,3407418,119112,0,2,0,2,0,0,0,0,0,0,5406,0,3510,1896,0
3579,48268,16.324042,15.968130,11.523672,0.007751,0.000459,0.000000,0.000000,4.964167,0.012666,0.952583,2070,3337629,116280,0,2,0,2,0,0,0,0,0,0,5406,0,3510,1896,0
3580,48269,16.750750,16.394626,11.505370,0.006917,0.000375,0.000000,0.000000,4.902125,0.037250,0.290542,2023,3365059,114542,0,2,0,2,0,0,0,0,0,0,7208,0,4680,2528,0
3581,48270,17.074625,16.710958,11.883677,0.008029,0.000374,0.000000,0.000000,4.373917,0.013375,1.307375,2089,3422859,119992,0,2,0,2,0,0,0,0,0,0,5406,0,3510,1896,0
3582,48271,15.534458,15.158440,10.889564,0.007165,0.000668,0.000000,0.000000,5.621584,0.011500,0.553542,2055,3344672,116401,0,2,0,2,0,0,0,0,0,0,5663,0,3510,2153,0
3583,48272,19.434250,19.067573,13.453016,0.011630,0.000540,0.000000,0.000000,2.891042,0.011667,0.597000,2065,3801456,125355,0,2,0,2,0,0,0,0,0,0,7208,0,4680,2528,0
3584,48273,15.122750,14.767230,11.929207,0.007249,0.000415,0.000000,0.000000,4.285209,0.052083,0.606167,2051,3451393,118472,0,2,0,2,0,0,0,0,0,0,5565,0,3510,2055,0
3585,48274,17.764667,17.373146,13.154068,0.007001,0.000626,0.000000,0.000000,3.332625,0.014167,0.639917,2200,3759117,128278,0,2,0,2,0,0,0,0,0,0,5406,0,3510,1896,0
3586,48275,16.363917,15.987986,12.590557,0.010202,0.000624,0.000000,0.000000,3.635500,0.042541,0.953459,2105,3329561,112469,0,2,0,2,0,0,0,0,0,0,7208,0,4680,2528,0
3587,48276,15.765500,15.401287,11.852603,0.006670,0.000417,0.000000,0.000000,4.521833,0.033875,0.647917,2047,3374580,114935,0,2,0,2,0,0,0,0,0,0,5406,0,3510,1896,0
3588,48277,17.091750,16.714251,12.267003,0.007291,0.000542,0.000000,0.000000,4.057875,0.039833,0.665083,2173,3497172,119109,0,2,0,2,0,0,0,0,0,0,5406,0,3510,1896,0
3589,48278,16.098333,15.713318,11.736717,0.007251,0.000624,0.000000,0.000000,4.652208,0.022292,0.304333,2126,3504534,119077,0,2,0,2,0,0,0,0,0,0,7456,0,4680,2776,0
3590,48279,18.185833,17.818281,13.251990,0.006160,0.000459,0.000000,0.000000,3.015417,0.026250,0.944417,2130,3827151,128285,0,2,0,2,0,0,0,0,0,0,5406,0,3510,1896,0
3591,48280,15.587209,15.197559,12.243375,0.006953,0.000419,0.000000,0.000000,4.308625,0.014041,0.640000,2127,3457399,117270,0,2,0,2,0,0,0,0,0,0,5593,0,3510,2083,0
3592,48281,18.323166,17.936385,13.556865,0.007452,0.000875,0.000000,0.000000,2.701459,0.012958,0.590875,2145,3706383,124247,0,2,0,2,0,0,0,0,0,0,9249,0,4680,4569,0
3593,48282,15.931500,15.505585,12.896850,0.007123,0.000542,0.000000,0.000000,3.273167,0.045917,0.951041,2234,3451314,118960,0,2,0,2,0,0,0,0,0,0,5406,0,3510,1896,0
3594,48283,15.767584,15.387551,12.176893,0.007493,0.000584,0.000000,0.000000,4.181125,0.026291,0.301084,2180,3319251,113857,0,2,0,2,0,0,0,0,0,0,5406,0,3510,1896,0
3595,48284,16.126500,15.776418,11.671024,0.007705,0.000459,0.000000,0.000000,4.698541,0.014584,1.267334,2018,3360334,112425,0,2,0,2,0,0,0,0,0,0,7208,0,4680,2528,0
3596,48285,17.285458,16.900401,12.311869,0.007416,0.000542,0.000000,0.000000,3.993875,0.051917,0.300916,2133,3501514,119311,0,2,0,2,0,0,0,0,0,0,5406,0,3510,1896,0
3597,48286,16.974833,16.585778,12.607394,0.006252,0.000459,0.000000,0.000000,3.787750,0.029875,1.137083,2188,3480783,119713,0,2,0,2,0,0,0,0,0,0,5406,0,3510,1896,0
3598,48287,16.095084,15.726729,12.013949,0.006710,0.000749,0.000000,0.000000,4.260541,0.014334,0.297333,2102,3476566,117633,0,2,0,2,0,0,0,0,0,0,7208,0,4680,2528,0
3599,48288,16.686916,16.315093,12.151830,0.006791,0.000334,0.000000,0.000000,4.334125,0.013625,0.934500,2089,3414787,117694,0,2,0,2,0,0,0,0,0,0,5406,0,3510,1896,0
3600,48289,17.096292,16.727378,12.417332,0.007510,0.000541,0.000000,0.000000,4.059250,0.037292,0.698916,2069,3368346,114627,0,2,0,2,0,0,0,0,0,0,5406,0,3510,1896,0
3601,48290,16.862458,16.492137,12.497892,0.007505,0.000625,0.000000,0.000000,3.796959,0.028375,0.647958,2090,3466992,117343,0,2,0,2,0,0,0,0,0,0,7208,0,4680,2528,0
3602,48291,16.420292,16.034601,12.280856,0.007671,0.000373,0.000000,0.000000,3.839708,0.014000,0.634833,2048,3378800,115610,0,2,0,2,0,0,0,0,0,0,5406,0,3510,1896,0
3603,48292,16.169125,15.805118,12.067457,0.007157,0.000500,0.000000,0.000000,4.512917,0.028958,0.307291,2065,3358577,114115,0,2,0,2,0,0,0,0,0,0,7004,0,4536,2468,0
3604,48293,16.860292,16.494464,12.018294,0.007336,0.000459,0.000000,0.000000,4.279583,0.033583,0.737376,2052,3423532,116491,0,2,0,2,0,0,0,0,0,0,5610,0,3654,1956,0
3605,48294,16.467916,16.100136,11.887679,0.007246,0.000749,0.000000,0.000000,4.485625,0.013167,0.650083,2072,3389223,116213,0,2,0,2,0,0,0,0,0,0,5406,0,3510,1896,0
3606,48295,16.334375,15.978676,11.575491,0.007629,0.000457,0.000000,0.000000,4.742292,0.014750,0.884333,2026,3363693,112989,0,2,0,2,0,0,0,0,0,0,7208,0,4680,2528,0
3607,48296,17.320125,16.952961,12.258611,0.007581,0.000625,0.000000,0.000000,4.253959,0.023666,0.501000,2079,3436736,118758,0,2,0,2,0,0,0,0,0,0,5406,0,3510,1896,0
3608,48297,16.308125,15.924473,11.773336,0.006496,0.000249,0.000000,0.000000,4.400084,0.023791,0.601792,2005,3342458,114144,0,2,0,2,0,0,0,0,0,0,5406,0,3510,1896,0
3609,48298,16.308000,15.950565,11.633234,0.006409,0.000334,0.000000,0.000000,4.904834,0.037583,0.916750,2038,3384120,113618,0,2,0,2,0,0,0,0,0,0,7208,0,4680,2528,0
3610,48299,17.386250,17.012555,12.182046,0.007709,0.000293,0.000000,0.000000,4.164959,0.036375,0.310167,2074,3427346,118250,0,2,0,2,0,0,0,0,0,0,5406,0,3510,1896,0
3611,48300,16.324667,15.955099,11.852967,0.007117,0.000457,0.000000,0.000000,4.515708,0.027667,0.970042,2046,3367681,115377,0,2,0,2,0,0,0,0,0,0,5406,0,3510,1896,0
3612,48301,16.217958,15.841722,11.340946,0.007114,0.000375,0.000000,0.000000,4.877084,0.033791,0.331792,2035,3378177,115902,0,2,0,2,0,0,0,0,0,0,7367,0,4680,2687,0
3613,48302,18.292625,17.922880,13.091023,0.006588,0.000459,0.000000,0.000000,3.358667,0.012125,0.740292,2073,3718635,127644,0,2,0,2,0,0,0,0,0,0,5406,0,3510,1896,0
3614,48303,15.415834,15.026515,11.749106,0.007332,0.000375,0.000000,0.000000,4.437416,0.031375,0.627709,2053,3345994,116177,0,2,0,2,0,0,0,0,0,0,5406,0,3510,1896,0
3615,48304,16.592458,16.244894,11.850771,0.006837,0.025208,0.006766,0.017984,4.673000,0.036917,0.615125,2015,3335249,113837,0,2,0,2,0,0,0,0,0,0,7208,0,4680,2528,0
3616,48305,17.049542,16.655502,12.049094,0.008335,0.000459,0.000000,0.000000,4.242291,0.012500,0.616959,2045,3392046,117162,0,2,0,2,0,0,0,0,0,0,5406,0,3510,1896,0
3617,48306,15.950208,15.592855,11.428080,0.006623,0.000167,0.000000,0.000000,4.842167,0.033250,0.308292,2033,3379575,115288,0,2,0,2,0,0,0,0,0,0,5535,0,3510,2025,0
3618,48307,17.353542,16.994470,12.196173,0.007087,0.000291,0.000000,0.000000,4.176291,0.026125,0.939791,2043,3566868,121464,0,2,0,2,0,0,0,0,0,0,7208,0,4680,2528,0
3619,48308,15.900125,15.532194,11.446879,0.007587,0.000417,0.000000,0.000000,5.073125,0.034666,0.382000,2030,3384531,114705,0,2,0,2,0,0,0,0,0,0,5628,0,3510,2118,0
3620,48309,18.075125,17.699014,12.672739,0.006419,0.000417,0.000000,0.000000,3.500583,0.041542,1.069875,2072,3641071,124428,0,2,0,2,0,0,0,0,0,0,5406,0,3510,1896,0
3621,48310,15.440208,15.080731,11.611565,0.006958,0.118875,0.108808,0.009775,4.828125,0.038875,0.672666,2047,3389536,114642,0,2,0,2,0,0,0,0,0,0,7208,0,4680,2528,0
3622,48311,17.057250,16.691750,11.935411,0.007040,0.000584,0.000000,0.000000,4.477458,0.041209,0.992583,2049,3420512,115207,0,2,0,2,0,0,0,0,0,0,5406,0,3510,1896,0
3623,48312,17.020667,16.640253,12.227552,0.005914,0.000418,0.000000,0.000000,4.017666,0.027667,0.313917,2134,3485240,121045,0,2,0,2,0,0,0,0,0,0,5406,0,3510,1896,0
3624,48313,15.624250,15.253489,11.277346,0.009245,0.007583,0.007266,0.000150,5.170958,0.034917,1.233833,2042,3379545,115623,0,2,0,2,0,0,0,0,0,0,7465,0,4680,2785,0
3625,48314,18.812958,18.445272,13.344382,0.006375,0.000667,0.000000,0.000000,2.998000,0.013208,0.942125,2070,3927326,129465,0,2,0,2,0,0,0,0,0,0,5406,0,3510,1896,0
3626,48315,15.327458,14.938872,12.021268,0.007206,0.000375,0.000000,0.000000,4.398584,0.032916,0.500750,2125,3433216,115908,0,2,0,2,0,0,0,0,0,0,5406,0,3510,1896,0
3627,48316,16.994584,16.608709,12.277992,0.006627,0.000543,0.000000,0.000000,4.103000,0.031833,0.641500,2075,3443769,115472,0,2,0,2,0,0,0,0,0,0,7208,0,4680,2528,0
3628,48317,17.246500,16.857011,12.789427,0.006368,0.000625,0.000000,0.000000,3.500208,0.029917,0.687291,2070,3475191,117835,0,2,0,2,0,0,0,0,0,0,5406,0,3510,1896,0
3629,48318,16.637083,16.246517,12.805766,0.007453,0.000458,0.000000,0.000000,3.449458,0.023000,1.011041,2119,3450897,118088,0,2,0,2,0,0,0,0,0,0,5406,0,3510,1896,0
3630,48319,15.820833,15.446895,12.079555,0.007494,0.000334,0.000000,0.000000,4.367417,0.031417,0.659750,2067,3423552,114036,0,2,0,2,0,0,0,0,0,0,7208,0,4680,2528,0
3631,48320,17.143417,16.774681,12.481596,0.006910,0.000417,0.000000,0.000000,3.898375,0.031833,0.634917,2091,3495548,119929,0,2,0,2,0,0,0,0,0,0,5406,0,3510,1896,0
3632,48321,16.225333,15.848880,11.978861,0.007120,0.000375,0.000000,0.000000,4.280542,0.018750,0.609416,2096,3404052,115027,0,2,0,2,0,0,0,0,0,0,5406,0,3510,1896,0
3633,48322,16.703667,16.309523,12.117619,0.006834,0.000542,0.000000,0.000000,4.135667,0.034541,0.312125,2076,3446155,114631,0,2,0,2,0,0,0,0,0,0,7208,0,4680,2528,0
3634,48323,16.779750,16.402119,12.318785,0.007665,0.000542,0.000000,0.000000,4.149500,0.013542,1.314250,2076,3509240,120014,0,2,0,2,0,0,0,0,0,0,5406,0,3510,1896,0
3635,48324,16.533958,16.145915,12.060008,0.006915,0.000374,0.000000,0.000000,4.161709,0.023958,0.407583,2115,3429016,116598,0,2,0,2,0,0,0,0,0,0,5406,0,3510,1896,0
3636,48325,16.605334,16.235908,12.142974,0.010752,0.084916,0.075891,0.008817,4.342041,0.038584,0.706833,2071,3435475,114260,0,2,0,2,0,0,0,0,0,0,7208,0,4680,2528,0
3637,48326,16.839416,16.467881,12.214973,0.006872,0.000499,0.000000,0.000000,4.164209,0.013208,0.311333,2082,3514372,119892,0,2,0,2,0,0,0,0,0,0,5406,0,3510,1896,0
3638,48327,16.591584,16.219225,12.099012,0.007326,0.000333,0.000000,0.000000,4.246416,0.032834,0.983875,2116,3427429,116452,0,2,0,2,0,0,0,0,0,0,5406,0,3510,1896,0
3639,48328,16.497000,16.125388,11.936749,0.006667,0.079458,0.074766,0.004442,4.277500,0.049333,0.308334,2073,3426122,113900,0,2,0,2,0,0,0,0,0,0,7208,0,4680,2528,0
3640,48329,16.643541,16.250911,12.004741,0.006288,0.002084,0.001600,0.000150,4.435209,0.037625,0.967541,2067,3487754,118664,0,2,0,2,0,0,0,0,0,0,5406,0,3510,1896,0
3641,48330,16.383542,15.995972,11.629164,0.006629,0.000374,0.000000,0.000000,4.579833,0.031625,0.627999,2114,3443567,120041,0,2,0,2,0,0,0,0,0,0,5565,0,3510,2055,0
3642,48331,17.321500,16.963562,12.448522,0.006125,0.000460,0.000000,0.000000,4.081917,0.030041,0.622750,2065,3705303,121644,0,2,0,2,0,0,0,0,0,0,7208,0,4680,2528,0
3643,48332,16.757708,16.376105,12.323290,0.007457,0.000583,0.000000,0.000000,3.966625,0.013875,0.964708,2049,3480979,118800,0,2,0,2,0,0,0,0,0,0,5406,0,3510,1896,0
3644,48333,16.404167,16.022390,12.132426,0.007334,0.000334,0.000000,0.000000,4.190167,0.023083,0.650709,2109,3436648,117201,0,2,0,2,0,0,0,0,0,0,5406,0,3510,1896,0
3645,48334,16.527292,16.143833,11.994024,0.009871,0.312750,0.312016,0.000484,4.392958,0.038333,0.752625,2051,3446563,116409,0,2,0,2,0,0,0,0,0,0,7208,0,4680,2528,0
3646,48335,16.770625,16.395423,12.049682,0.007378,0.088500,0.078767,0.009358,4.235791,0.033292,0.300333,2050,3459883,119196,0,2,0,2,0,0,0,0,0,0,5406,0,3510,1896,0
3647,48336,16.689708,16.303578,12.059892,0.006996,0.510417,0.509975,0.000192,4.140083,0.013167,0.597499,2100,3389346,116099,0,2,0,2,0,0,0,0,0,0,5406,0,3510,1896,0
3648,48337,16.706833,16.332491,12.233854,0.008211,0.527043,0.526350,0.000192,4.084125,0.014959,0.943667,2036,3425678,114959,0,2,0,2,0,0,0,0,0,0,7208,0,4680,2528,0
3649,48338,16.187792,15.821498,11.745992,0.006544,0.163709,0.155142,0.008066,4.652583,0.031959,0.566833,2045,3424216,117285,0,2,0,2,0,0,0,0,0,0,5863,0,3510,2353,0
3650,48339,17.556042,17.178458,12.565040,0.006744,0.000459,0.000000,0.000000,3.677250,0.027041,0.651208,2040,3714998,124377,0,2,0,2,0,0,0,0,0,0,5406,0,3510,1896,0
3651,48340,16.491125,16.105206,12.440797,0.008542,0.000669,0.000000,0.000000,3.998583,0.020167,0.293083,2050,3485665,118876,0,2,0,2,0,0,0,0,0,0,7208,0,4680,2528,0
3652,48341,16.474666,16.097871,12.130237,0.006871,0.510709,0.508934,0.001525,4.172667,0.012917,1.281333,2045,3395350,116264,0,2,0,2,0,0,0,0,0,0,5406,0,3510,1896,0
3653,48342,16.643209,16.276609,12.116461,0.010043,0.148834,0.148267,0.000275,4.187375,0.031916,0.295750,2041,3434589,118506,0,2,0,2,0,0,0,0,0,0,5406,0,3510,1896,0
3654,48343,16.700708,16.337219,12.170967,0.007294,0.278293,0.277850,0.000192,4.006542,0.026583,0.924126,2044,3459361,117963,0,2,0,2,0,0,0,0,0,0,7208,0,4680,2528,0
3655,48344,16.789333,16.420440,12.370024,0.007545,0.499167,0.496309,0.000191,3.988084,0.012708,0.506083,2054,3400216,117197,0,2,0,2,0,0,0,0,0,0,5406,0,3510,1896,0
3656,48345,16.522417,16.163322,12.132651,0.006914,0.620335,0.619975,0.000150,4.038292,0.033500,0.595626,2026,3379928,114580,0,2,0,2,0,0,0,0,0,0,7004,0,4536,2468,0
3657,48346,16.784500,16.426841,12.379299,0.006582,0.236416,0.235683,0.000192,4.022458,0.029084,0.940166,2052,3469530,119484,0,2,0,2,0,0,0,0,0,0,5610,0,3654,1956,0
3658,48347,16.750708,16.386622,12.275371,0.007042,0.842292,0.841642,0.000108,4.040459,0.046875,0.629167,2028,3372926,116047,0,2,0,2,0,0,0,0,0,0,5406,0,3510,1896,0
3659,48348,17.037417,16.671377,12.650784,0.010916,0.000540,0.000000,0.000000,3.440917,0.028375,0.969917,2031,3382072,114146,0,2,0,2,0,0,0,0,0,0,7208,0,4680,2528,0
3660,48349,16.296375,15.924446,12.514036,0.007750,0.311207,0.310891,0.000150,3.858792,0.032583,0.313792,2039,3453825,119044,0,2,0,2,0,0,0,0,0,0,5406,0,3510,1896,0
3661,48350,16.612250,16.243287,12.291256,0.007122,0.503250,0.502725,0.000108,4.004458,0.031584,0.959708,2038,3394114,117077,0,2,0,2,0,0,0,0,0,0,5406,0,3510,1896,0
3662,48351,16.549417,16.193289,12.119413,0.007668,0.713957,0.713475,0.000233,3.989458,0.013125,0.311250,2030,3383080,114226,0,2,0,2,0,0,0,0,0,0,7208,0,4680,2528,0
3663,48352,16.719583,16.353204,12.400162,0.007630,0.584001,0.583433,0.000109,4.109000,0.035542,0.969625,2023,3449132,119204,0,2,0,2,0,0,0,0,0,0,5406,0,3510,1896,0
3664,48353,16.765333,16.380545,12.217447,0.007705,0.570126,0.569642,0.000191,3.973667,0.041333,0.647042,2022,3381731,115544,0,2,0,2,0,0,0,0,0,0,5406,0,3510,1896,0
3665,48354,16.539542,16.167143,12.143313,0.006378,0.527666,0.527142,0.000108,4.117250,0.036208,0.320083,2029,3423038,115868,0,2,0,2,0,0,0,0,0,0,7208,0,4680,2528,0
3666,48355,16.670167,16.296788,12.164022,0.006831,0.502667,0.502183,0.000109,4.189291,0.024209,1.034708,2032,3452982,118896,0,2,0,2,0,0,0,0,0,0,5406,0,3510,1896,0
3667,48356,16.892041,16.510012,12.308063,0.007171,0.695957,0.695392,0.000191,3.905667,0.012500,0.655833,2030,3408558,117534,0,2,0,2,0,0,0,0,0,0,5406,0,3510,1896,0
3668,48357,16.637167,16.278722,12.246543,0.007791,0.622207,0.621433,0.000567,3.759417,0.035291,1.105958,2042,3396781,114332,0,2,0,2,0,0,0,0,0,0,7208,0,4680,2528,0
3669,48358,16.753833,16.389618,12.612314,0.007289,0.707790,0.707391,0.000109,3.861084,0.022750,0.644042,2040,3471315,120071,0,2,0,2,0,0,0,0,0,0,5406,0,3510,1896,0
3670,48359,16.729334,16.318716,12.531216,0.006658,0.482459,0.481892,0.000150,3.764166,0.027334,0.607583,2063,3406635,117264,0,2,0,2,0,0,0,0,0,0,5406,0,3510,1896,0
3671,48360,16.464666,16.105211,12.355059,0.008160,0.568917,0.568392,0.000192,3.983542,0.017083,0.311333,2048,3386109,114033,0,2,0,2,0,0,0,0,0,0,7208,0,4680,2528,0
3672,48361,16.332084,15.955516,11.991722,0.006839,0.284043,0.283683,0.000109,4.181416,0.013834,0.591291,2037,3464653,122215,0,2,0,2,0,0,0,0,0,0,5551,0,3510,2041,0
3673,48362,17.095291,16.730979,12.629082,0.006044,0.000460,0.000000,0.000000,3.853000,0.013709,1.263042,2098,3764484,125654,0,2,0,2,0,0,0,0,0,0,5406,0,3510,1896,0
3674,48363,16.621709,16.265571,12.351452,0.007211,0.972957,0.969808,0.002567,3.841166,0.022042,0.490375,2041,3384246,113436,0,2,0,2,0,0,0,0,0,0,7208,0,4680,2528,0
3675,48364,16.346333,15.992245,12.111225,0.007253,0.797250,0.796933,0.000150,4.200417,0.026916,0.584167,2034,3434618,118588,0,2,0,2,0,0,0,0,0,0,5602,0,3510,2092,0
3676,48365,17.092958,16.728442,12.563347,0.006879,0.144459,0.139934,0.003941,3.794167,0.014708,0.289333,2083,3666478,122814,0,2,0,2,0,0,0,0,0,0,5406,0,3510,1896,0
3677,48366,16.686125,16.329949,12.491208,0.007124,0.838209,0.837558,0.000192,3.797625,0.043292,0.742126,2044,3419557,115169,0,2,0,2,0,0,0,0,0,0,7208,0,4680,2528,0
3678,48367,16.707000,16.346942,12.494746,0.006959,0.890667,0.890225,0.000150,3.716917,0.020375,0.371416,2037,3432581,117785,0,2,0,2,0,0,0,0,0,0,5406,0,3510,1896,0
3679,48368,16.738125,16.367826,12.567531,0.007822,1.037665,1.037100,0.000191,3.814334,0.014625,0.584041,2088,3399237,116117,0,2,0,2,0,0,0,0,0,0,5406,0,3510,1896,0
3680,48369,16.611334,16.256461,12.324838,0.007626,1.011750,1.011058,0.000400,3.575000,0.025208,0.580792,2037,3390089,113309,0,2,0,2,0,0,0,0,0,0,7208,0,4680,2528,0
3681,48370,16.683958,16.328285,12.485329,0.007498,1.180250,1.171433,0.008484,3.738958,0.014084,0.383500,2033,3457768,118361,0,2,0,2,0,0,0,0,0,0,5406,0,3510,1896,0
3682,48371,16.683167,16.313608,12.177784,0.006915,1.220417,1.220059,0.000108,3.638250,0.029041,0.989791,2062,3387092,115382,0,2,0,2,0,0,0,0,0,0,5406,0,3510,1896,0
3683,48372,16.640458,16.273343,12.453403,0.006750,1.068209,1.052517,0.015192,3.686333,0.013167,0.647625,2026,3390284,112225,0,2,0,2,0,0,0,0,0,0,7208,0,4680,2528,0
3684,48373,16.726375,16.363276,12.725994,0.006463,0.460416,0.459766,0.000150,3.627542,0.024875,0.723709,2032,3510364,117980,0,2,0,2,0,0,0,0,0,0,5406,0,3510,1896,0
3685,48374,16.427500,16.051469,12.349954,0.008457,0.898876,0.891309,0.007066,3.816500,0.014875,0.652041,2077,3447737,117295,0,2,0,2,0,0,0,0,0,0,5586,0,3510,2076,0
3686,48375,16.810458,16.430755,12.664219,0.007086,0.075917,0.075308,0.000150,3.594209,0.037166,0.606750,2045,3749129,123564,0,2,0,2,0,0,0,0,0,0,7208,0,4680,2528,0
3687,48376,16.690959,16.331336,12.626397,0.007332,0.988876,0.988225,0.000109,3.620583,0.015792,0.655292,2035,3510029,117770,0,2,0,2,0,0,0,0,0,0,5406,0,3510,1896,0
3688,48377,16.806166,16.426666,12.781819,0.007490,0.056875,0.055725,0.000316,3.456042,0.016500,0.584375,2103,3481383,116946,0,2,0,2,0,0,0,0,0,0,5406,0,3510,1896,0
3689,48378,16.495459,16.134965,12.805102,0.006668,0.467583,0.467017,0.000108,3.621625,0.013458,0.591501,2075,3537582,117491,0,2,0,2,0,0,0,0,0,0,7208,0,4680,2528,0
3690,48379,16.660208,16.286233,12.760329,0.006746,0.644000,0.643436,0.000231,3.728208,0.012542,0.291667,2072,3551883,118726,0,2,0,2,0,0,0,0,0,0,5406,0,3510,1896,0
3691,48380,17.661625,17.274646,13.501983,0.007282,0.000833,0.000000,0.000000,2.675375,0.014875,0.589957,2117,3527453,118491,0,2,0,2,0,0,0,0,0,0,5406,0,3510,1896,0
3692,48381,15.688292,15.322429,12.767525,0.006547,0.666792,0.666392,0.000150,3.775791,0.012375,0.612375,2074,3490217,116085,0,2,0,2,0,0,0,0,0,0,7208,0,4680,2528,0
3693,48382,16.416166,16.039840,12.355119,0.007587,0.579543,0.579269,0.000148,3.834792,0.010708,1.131625,2070,3571906,124097,0,2,0,2,0,0,0,0,0,0,5555,0,3510,2045,0
3694,48383,17.119209,16.727273,12.952686,0.007124,0.048875,0.048352,0.000231,3.526541,0.012334,0.290625,2066,3787741,123904,0,2,0,2,0,0,0,0,0,0,5406,0,3510,1896,0
3695,48384,16.607791,16.235451,12.786821,0.007456,0.645168,0.644850,0.000067,3.482625,0.040459,0.835333,2080,3497853,117433,0,2,0,2,0,0,0,0,0,0,7208,0,4680,2528,0
3696,48385,16.838209,16.476284,13.022996,0.007251,0.301709,0.301141,0.000109,3.441916,0.013792,0.598251,2066,3489828,118455,0,2,0,2,0,0,0,0,0,0,5406,0,3510,1896,0
3697,48386,16.605375,16.225513,12.857716,0.007278,0.679790,0.679350,0.000066,3.461125,0.012750,0.609917,2137,3476021,118981,0,2,0,2,0,0,0,0,0,0,5406,0,3510,1896,0
3698,48387,16.587166,16.216875,12.659580,0.007794,1.137165,1.136850,0.000108,3.536917,0.012042,0.614583,2066,3413483,113682,0,2,0,2,0,0,0,0,0,0,7208,0,4680,2528,0
3699,48388,16.760959,16.386646,12.826594,0.007997,0.437582,0.434310,0.003022,3.612083,0.017583,0.292084,2102,3563865,121723,0,2,0,2,0,0,0,0,0,0,7447,0,3510,3937,0
3700,48389,16.124875,15.735873,12.184184,0.007252,0.424668,0.424309,0.000108,3.977041,0.010459,0.923125,2133,3461834,122784,0,2,0,2,0,0,0,0,0,0,5565,0,3510,2055,0
3701,48390,17.541416,17.141695,13.245330,0.006370,0.000417,0.000000,0.000000,2.988875,0.011542,0.626167,2091,3947452,130186,0,2,0,2,0,0,0,0,0,0,7208,0,4680,2528,0
3702,48391,18.251750,17.822112,14.005690,0.008587,1.326915,1.314016,0.011942,1.469500,0.022042,0.744917,2099,3432046,117642,0,2,0,2,0,0,0,0,0,0,5406,0,3510,1896,0
3703,48392,16.007750,15.639647,13.520179,0.008000,0.000375,0.000000,0.000000,2.108334,0.015958,0.289625,2125,3403577,116542,0,2,0,2,0,0,0,0,0,0,5406,0,3510,1896,0
3704,48393,15.868834,15.500697,13.298539,0.008046,1.128375,1.124558,0.000192,3.058208,0.031125,0.583208,2050,3455328,116165,0,2,0,2,0,0,0,0,0,0,7208,0,4680,2528,0
3705,48394,69.163166,68.040993,17.785035,0.010586,0.001417,0.000000,0.000000,0.108167,0.041250,1.769500,2098,3435171,118072,0,2,0,2,0,0,0,0,0,0,5406,0,3510,1896,0
3706,48395,21.704125,21.266622,16.652149,0.007457,0.000541,0.000000,0.000000,0.083334,0.015291,0.584334,2108,3392023,116181,0,2,0,2,0,0,0,0,0,0,5406,0,3510,1896,0
3707,48396,12.079042,11.725350,11.713113,0.007005,0.000251,0.000000,0.000000,0.056750,0.010875,0.292750,2072,3445883,116543,0,2,0,2,0,0,0,0,0,0,7208,0,4680,2528,0
3708,48397,11.709208,11.354195,11.354174,0.006749,0.000293,0.000000,0.000000,0.096459,0.039250,0.359208,2032,3383109,115587,0,2,0,2,0,0,0,0,0,0,5406,0,3510,1896,0
3709,48398,11.763667,11.406159,11.391821,0.007296,0.000625,0.000000,0.000000,0.056667,0.011291,1.218333,2042,3410434,118212,0,2,0,2,0,0,0,0,0,0,7223,0,4536,2687,0
3710,48399,12.809292,12.449270,12.467764,0.006501,0.000666,0.000000,0.000000,0.058416,0.012000,0.291250,2064,3827303,125934,0,2,0,2,0,0,0,0,0,0,5610,0,3654,1956,0
3711,48400,11.563833,11.205875,11.226289,0.006872,0.000292,0.000000,0.000000,2.050292,0.012166,0.609125,2081,3444892,117756,0,2,0,2,0,0,0,0,0,0,5406,0,3510,1896,0
3712,48401,13.444375,13.092343,11.099547,0.006704,0.000374,0.000000,0.000000,5.427417,0.012541,0.716249,2049,3401026,113191,0,2,0,2,0,0,0,0,0,0,7208,0,4680,2528,0
3713,48402,17.708083,17.338072,11.993388,0.007161,0.000416,0.000000,0.000000,4.405334,0.012916,0.614959,2068,3519198,120395,0,2,0,2,0,0,0,0,0,0,5406,0,3510,1896,0
3714,48403,16.614500,16.243662,11.922632,0.007078,0.000292,0.000000,0.000000,4.253459,0.011333,0.925625,2034,3392926,114719,0,2,0,2,0,0,0,0,0,0,5406,0,3510,1896,0
3715,48404,16.333542,15.951056,11.767848,0.006827,0.000459,0.000000,0.000000,4.608708,0.010542,0.610291,2055,3428698,116025,0,2,0,2,0,0,0,0,0,0,7208,0,4680,2528,0
3716,48405,21.451333,21.040856,16.377627,0.006259,0.000667,0.000000,0.000000,0.118125,0.114750,0.608500,2171,4418784,142695,0,2,0,2,0,0,0,0,0,0,5592,0,3510,2082,0
3717,48406,13.655000,13.258390,13.186605,0.006996,0.000376,0.000000,0.000000,2.870000,0.017750,0.292417,2290,3642519,124672,0,2,0,2,0,0,0,0,0,0,5406,0,3510,1896,0
3718,48407,15.493959,15.110676,12.323301,0.007548,0.000333,0.000000,0.000000,4.088000,0.017083,0.904041,2191,3574757,120288,0,2,0,2,0,0,0,0,0,0,7208,0,4680,2528,0
3719,48408,16.962750,16.560194,12.559946,0.006793,0.000626,0.000000,0.000000,3.830791,0.016334,0.587334,2240,3590030,122989,0,2,0,2,0,0,0,0,0,0,5406,0,3510,1896,0
3720,48409,16.950208,16.552839,12.806432,0.007414,0.000499,0.000000,0.000000,3.581708,0.029834,0.299208,2188,3534165,120539,0,2,0,2,0,0,0,0,0,0,5406,0,3510,1896,0
3721,48410,16.810042,16.414613,12.918243,0.007171,0.000708,0.000000,0.000000,3.576250,0.013333,0.598751,2165,3544697,119727,0,2,0,2,0,0,0,0,0,0,7208,0,4680,2528,0
3722,48411,17.707541,17.295709,13.689945,0.007324,0.000542,0.000000,0.000000,2.421167,0.019792,0.299458,2207,3538834,121625,0,2,0,2,0,0,0,0,0,0,5406,0,3510,1896,0
3723,48412,15.066292,14.674567,12.361190,0.007884,0.000501,0.000000,0.000000,3.831000,0.020625,0.988000,2112,3463377,118121,0,2,0,2,0,0,0,0,0,0,5406,0,3510,1896,0
3724,48413,16.476083,16.074807,12.359433,0.008877,0.000334,0.000000,0.000000,4.183834,0.019166,0.669125,2088,3458611,114992,0,2,0,2,0,0,0,0,0,0,7208,0,4680,2528,0
3725,48414,18.027584,17.658007,13.441942,0.006580,0.000792,0.000000,0.000000,2.801083,0.014792,0.622291,2087,3576164,121416,0,2,0,2,0,0,0,0,0,0,5406,0,3510,1896,0
3726,48415,15.980500,15.597313,12.856275,0.008296,0.000750,0.000000,0.000000,3.431166,0.014917,0.613250,2145,3461540,119078,0,2,0,2,0,0,0,0,0,0,5406,0,3510,1896,0
3727,48416,15.929791,15.562551,12.138495,0.007594,0.000750,0.000000,0.000000,4.202792,0.015042,0.302375,2064,3418920,117938,0,2,0,2,0,0,0,0,0,0,7367,0,4680,2687,0
3728,48417,18.238750,17.865538,13.643816,0.006916,0.002835,0.000000,0.000000,2.686875,0.025542,1.302417,2085,3732054,128550,0,2,0,2,0,0,0,0,0,0,5406,0,3510,1896,0
3729,48418,16.716125,16.305886,13.686452,0.006458,0.000376,0.000000,0.000000,2.492084,0.041708,0.651667,2140,3811988,128045,0,2,0,2,0,0,0,0,0,0,5711,0,3510,2201,0
3730,48419,16.960834,16.591148,14.153593,0.007291,0.000957,0.000000,0.000000,2.335791,0.019542,0.653125,2071,4047949,134735,0,2,0,2,0,0,0,0,0,0,7208,0,4680,2528,0
3731,48420,15.952750,15.513699,13.231986,0.007544,0.001083,0.000000,0.000000,3.052541,0.023417,0.310875,2086,3432275,118206,0,2,0,2,0,0,0,0,0,0,5406,0,3510,1896,0
3732,48421,15.830458,15.463426,12.513166,0.006916,0.000666,0.000000,0.000000,3.710458,0.022209,0.946875,2068,3380887,114880,0,2,0,2,0,0,0,0,0,0,5406,0,3510,1896,0
3733,48422,17.771042,17.368642,13.707298,0.006706,0.000709,0.000000,0.000000,2.735916,0.049750,0.351083,2205,3708983,126500,0,2,0,2,0,0,0,0,0,0,7208,0,4680,2528,0
3734,48423,16.220250,15.821002,13.136795,0.007251,0.000500,0.000000,0.000000,3.210500,0.024791,0.946166,2218,3635643,126277,0,2,0,2,0,0,0,0,0,0,5406,0,3510,1896,0
3735,48424,16.465458,16.068796,12.937335,0.006917,0.000584,0.000000,0.000000,3.275083,0.036000,0.627500,2259,3589692,123710,0,2,0,2,0,0,0,0,0,0,5406,0,3510,1896,0
3736,48425,16.134917,15.750525,12.512902,0.006291,0.000375,0.000000,0.000000,3.958708,0.019917,0.633542,2212,3592699,121130,0,2,0,2,0,0,0,0,0,0,7208,0,4680,2528,0
3737,48426,17.914833,17.525026,13.601594,0.007584,0.000834,0.000000,0.000000,2.735208,0.029250,0.670166,2112,3552339,121965,0,2,0,2,0,0,0,0,0,0,5406,0,3510,1896,0
3738,48427,16.256583,15.858955,13.150244,0.008010,0.000708,0.000000,0.000000,3.153834,0.021791,0.634541,2137,3452248,117980,0,2,0,2,0,0,0,0,0,0,5406,0,3510,1896,0
3739,48428,16.824209,16.417812,13.321559,0.007541,0.000418,0.000000,0.000000,2.978041,0.021000,0.618416,2204,3590798,121553,0,2,0,2,0,0,0,0,0,0,7208,0,4680,2528,0
3740,48429,16.426666,16.037811,13.070768,0.006999,0.000458,0.000000,0.000000,3.227500,0.029792,0.295625,2206,3649131,126363,0,2,0,2,0,0,0,0,0,0,5406,0,3510,1896,0
3741,48430,16.308292,15.900484,12.770345,0.006871,0.000542,0.000000,0.000000,3.438792,0.061666,0.595834,2278,3607926,124991,0,2,0,2,0,0,0,0,0,0,5406,0,3510,1896,0
3742,48431,15.958083,15.581676,12.196862,0.006034,0.000375,0.000000,0.000000,4.223167,0.027417,0.942917,2204,3583565,121382,0,2,0,2,0,0,0,0,0,0,7208,0,4680,2528,0
3743,48432,16.869917,16.490386,12.352231,0.006878,0.000582,0.000000,0.000000,3.984833,0.019375,0.639292,2117,3500864,120520,0,2,0,2,0,0,0,0,0,0,5406,0,3510,1896,0
3744,48433,16.366542,15.989764,12.100094,0.007621,0.000500,0.000000,0.000000,4.228958,0.013500,0.637918,2122,3450634,117582,0,2,0,2,0,0,0,0,0,0,5406,0,3510,1896,0
3745,48434,16.899750,16.505837,12.374829,0.006285,0.000375,0.000000,0.000000,4.037250,0.024000,0.296917,2225,3617584,122930,0,2,0,2,0,0,0,0,0,0,7208,0,4680,2528,0
3746,48435,17.261625,16.862483,12.916763,0.007669,0.000709,0.000000,0.000000,3.510625,0.016083,0.632166,2231,3627476,126092,0,2,0,2,0,0,0,0,0,0,5406,0,3510,1896,0
3747,48436,18.201875,17.775615,14.326758,0.008004,0.000417,0.000000,0.000000,1.931125,0.014125,0.300833,2325,3678553,127447,0,2,0,2,0,0,0,0,0,0,5406,0,3510,1896,0
3748,48437,14.799625,14.414005,12.647233,0.007448,0.000417,0.000000,0.000000,3.745375,0.013208,1.273916,2247,3669412,124330,0,2,0,2,0,0,0,0,0,0,7208,0,4680,2528,0
3749,48438,17.200375,16.817503,13.101095,0.010250,0.000583,0.000000,0.000000,3.329666,0.021000,0.500625,2171,3627732,125513,0,2,0,2,0,0,0,0,0,0,5406,0,3510,1896,0
3750,48439,15.989416,15.588520,12.375989,0.007452,0.000584,0.000000,0.000000,3.866042,0.022125,0.945250,2189,3525740,121185,0,4,0,4,0,0,0,0,0,0,5406,0,3510,1896,0
3751,48440,16.392917,15.991615,12.227118,0.007169,0.000542,0.000000,0.000000,4.325167,0.014041,0.932791,2141,3516355,120068,0,2,0,2,0,0,0,0,0,0,7208,0,4680,2528,0
3752,48441,16.902083,16.523246,12.296773,0.007787,0.000374,0.000000,0.000000,4.171917,0.036292,0.445750,2159,3535811,122771,0,2,0,2,0,0,0,0,0,0,5406,0,3510,1896,0
3753,48442,16.740417,16.347195,12.257923,0.007417,0.000501,0.000000,0.000000,3.897375,0.019792,0.913001,2215,3498314,121454,0,2,0,2,0,0,0,0,0,0,5406,0,3510,1896,0
3754,48443,17.209667,16.832710,12.939656,0.007587,0.000792,0.000000,0.000000,3.364666,0.014167,0.293500,2121,3481787,118919,0,2,0,2,0,0,0,0,0,0,7208,0,4680,2528,0
3755,48444,16.864583,16.477290,13.166625,0.006199,0.000584,0.000000,0.000000,3.183625,0.024833,0.598499,2161,3497976,121334,0,2,0,2,0,0,0,0,0,0,5406,0,3510,1896,0
3756,48445,16.287750,15.907431,12.904773,0.007414,0.000792,0.000000,0.000000,3.611125,0.014500,0.630125,2159,3453262,119365,0,2,0,2,0,0,0,0,0,0,5406,0,3510,1896,0
3757,48446,16.659542,16.283953,12.765540,0.008085,0.000333,0.000000,0.000000,3.555166,0.023667,0.933291,2139,3538873,120690,0,2,0,2,0,0,0,0,0,0,7208,0,4680,2528,0
3758,48447,16.400750,16.025215,12.511905,0.007460,0.000418,0.000000,0.000000,3.983666,0.014084,0.928709,2145,3477169,120411,0,2,0,2,0,0,0,0,0,0,5406,0,3510,1896,0
3759,48448,16.907625,16.531096,12.608751,0.007708,0.000583,0.000000,0.000000,3.514916,0.014084,0.297666,2108,3467301,119848,0,2,0,2,0,0,0,0,0,0,5406,0,3510,1896,0
3760,48449,15.631708,15.255729,11.827988,0.006337,0.000334,0.000000,0.000000,4.681208,0.014000,0.961042,2113,3534997,122385,0,2,0,2,0,0,0,0,0,0,7367,0,4680,2687,0
3761,48450,18.046125,17.645819,12.984846,0.008038,0.000501,0.000000,0.000000,3.336083,0.021500,0.305084,2172,3742476,127874,0,2,0,2,0,0,0,0,0,0,5569,0,3510,2059,0
3762,48451,16.535625,16.132811,12.895648,0.009949,0.000251,0.000000,0.000000,3.273625,0.014833,1.024084,2126,3664109,128370,0,2,0,2,0,0,0,0,0,0,7138,0,4536,2602,0
3763,48452,19.020875,18.598442,15.367795,0.007298,0.001959,0.000000,0.000000,1.009375,0.020792,0.552208,2149,3852027,130026,0,2,0,2,0,0,0,0,0,0,5610,0,3654,1956,0
3764,48453,13.439958,13.081931,12.088921,0.007414,0.000707,0.000000,0.000000,4.336042,0.014167,0.970084,2033,3380418,115189,0,2,0,2,0,0,0,0,0,0,5406,0,3510,1896,0
3765,48454,16.649084,16.270693,11.965834,0.006999,0.000333,0.000000,0.000000,4.186416,0.015084,0.300542,2052,3423964,115183,0,2,0,2,0,0,0,0,0,0,7208,0,4680,2528,0
3766,48455,16.634458,16.255504,12.166548,0.006672,0.000583,0.000000,0.000000,4.237458,0.030625,1.139417,2087,3454558,118951,0,2,0,2,0,0,0,0,0,0,5406,0,3510,1896,0
3767,48456,16.247583,15.885728,11.744854,0.006539,0.000585,0.000000,0.000000,4.747917,0.014542,1.227542,2026,3379756,113944,0,2,0,2,0,0,0,0,0,0,5406,0,3510,1896,0
3768,48457,17.178375,16.818025,12.148473,0.007669,0.000374,0.000000,0.000000,4.138750,0.012709,0.498917,2076,3448803,116189,0,2,0,2,0,0,0,0,0,0,7208,0,4680,2528,0
3769,48458,16.975334,16.606771,12.528078,0.007382,0.000875,0.000000,0.000000,3.841500,0.019166,0.594584,2079,3470102,119552,0,2,0,2,0,0,0,0,0,0,5406,0,3510,1896,0
3770,48459,16.577166,16.205817,12.395044,0.007630,0.000709,0.000000,0.000000,3.905000,0.013000,0.642875,2071,3399347,116367,0,2,0,2,0,0,0,0,0,0,5406,0,3510,1896,0
3771,48460,15.919750,15.547175,11.751224,0.006043,0.000710,0.000000,0.000000,4.608042,0.025417,0.960542,2054,3409974,114010,0,2,0,2,0,0,0,0,0,0,7208,0,4680,2528,0
3772,48461,16.922000,16.559870,12.033984,0.006783,0.000502,0.000000,0.000000,4.486042,0.013667,0.648584,2075,3454627,118630,0,2,0,2,0,0,0,0,0,0,5406,0,3510,1896,0
3773,48462,16.497167,16.138750,11.704321,0.007086,0.000293,0.000000,0.000000,4.689458,0.015000,0.617084,2053,3415339,118783,0,2,0,2,0,0,0,0,0,0,5565,0,3510,2055,0
3774,48463,17.615667,17.256217,12.655209,0.007746,0.000667,0.000000,0.000000,3.732958,0.012958,0.608917,2061,3670100,122909,0,2,0,2,0,0,0,0,0,0,7208,0,4680,2528,0
3775,48464,16.110750,15.747422,12.106389,0.007247,0.000500,0.000000,0.000000,4.244291,0.028709,0.292291,2062,3471971,120572,0,2,0,2,0,0,0,0,0,0,5406,0,3510,1896,0
3776,48465,16.254666,15.884659,11.742105,0.006917,0.000500,0.000000,0.000000,4.712667,0.022042,1.285542,2067,3403950,116751,0,2,0,2,0,0,0,0,0,0,5406,0,3510,1896,0
3777,48466,17.084084,16.709605,12.041171,0.007290,0.000377,0.000000,0.000000,4.161625,0.013708,0.344125,2071,3432261,116754,0,2,0,2,0,0,0,0,0,0,7208,0,4680,2528,0
3778,48467,16.438791,16.074360,11.993998,0.007043,0.000543,0.000000,0.000000,4.355000,0.012250,0.597375,2078,3455152,120153,0,2,0,2,0,0,0,0,0,0,5406,0,3510,1896,0
3779,48468,16.383750,16.009055,11.741954,0.007168,0.000624,0.000000,0.000000,4.677750,0.012625,0.300083,2066,3382544,116709,0,2,0,2,0,0,0,0,0,0,5406,0,3510,1896,0
3780,48469,16.712334,16.354890,11.759502,0.007633,0.000626,0.000000,0.000000,4.596875,0.031833,1.281041,2048,3393294,114452,0,2,0,2,0,0,0,0,0,0,7208,0,4680,2528,0
3781,48470,16.780083,16.405691,11.889836,0.007129,0.000501,0.000000,0.000000,4.518917,0.035291,0.303750,2062,3467253,118515,0,2,0,2,0,0,0,0,0,0,5406,0,3510,1896,0
3782,48471,16.775917,16.404941,11.952271,0.007539,0.000751,0.000000,0.000000,4.576541,0.011042,0.933624,2123,3444300,119649,0,2,0,2,0,0,0,0,0,0,5406,0,3510,1896,0
3783,48472,16.642125,16.275856,11.728164,0.007419,0.000500,0.000000,0.000000,4.420041,0.026084,0.630208,2043,3382049,114580,0,2,0,2,0,0,0,0,0,0,7208,0,4680,2528,0
3784,48473,16.752083,16.387566,12.037221,0.010169,0.000375,0.000000,0.000000,4.439167,0.034166,0.639458,2061,3441013,118591,0,2,0,2,0,0,0,0,0,0,5406,0,3510,1896,0
3785,48474,16.771375,16.393868,12.033106,0.006840,0.000667,0.000000,0.000000,4.334625,0.024833,0.944917,2124,3420560,118751,0,2,0,2,0,0,0,0,0,0,5406,0,3510,1896,0
3786,48475,16.090500,15.724214,11.491804,0.006664,0.000292,0.000000,0.000000,4.792750,0.011708,0.641125,2037,3372533,114090,0,2,0,2,0,0,0,0,0,0,7208,0,4680,2528,0
3787,48476,17.216458,16.849345,12.130838,0.007584,0.000499,0.000000,0.000000,4.367417,0.012250,1.057084,2080,3441066,119639,0,2,0,2,0,0,0,0,0,0,5406,0,3510,1896,0
3788,48477,16.330042,15.955392,11.632311,0.006872,0.000334,0.000000,0.000000,4.689167,0.023625,0.290500,2073,3375476,116120,0,2,0,2,0,0,0,0,0,0,5406,0,3510,1896,0
3789,48478,16.733708,16.370304,11.780564,0.007298,0.000542,0.000000,0.000000,4.536292,0.014083,0.601916,2063,3403587,115302,0,2,0,2,0,0,0,0,0,0,7208,0,4680,2528,0
3790,48479,16.918625,16.554827,12.090095,0.007253,0.000374,0.000000,0.000000,4.422292,0.011833,0.930583,2081,3443025,119538,0,2,0,2,0,0,0,0,0,0,5406,0,3510,1896,0
3791,48480,16.546292,16.177354,11.781153,0.007493,0.000582,0.000000,0.000000,4.560042,0.021666,0.648791,2095,3377034,116370,0,2,0,2,0,0,0,0,0,0,5406,0,3510,1896,0
3792,48481,16.690625,16.335481,11.834281,0.008252,0.000375,0.000000,0.000000,4.400292,0.014125,0.656917,2040,3383945,114235,0,2,0,2,0,0,0,0,0,0,7208,0,4680,2528,0
3793,48482,16.525500,16.164634,11.854308,0.006625,0.000875,0.000000,0.000000,4.651333,0.028084,0.303000,2073,3460622,121166,0,2,0,2,0,0,0,0,0,0,5406,0,3510,1896,0
3794,48483,16.583583,16.214543,11.647290,0.007371,0.000292,0.000000,0.000000,4.751000,0.012375,0.942251,2081,3361801,116574,0,2,0,2,0,0,0,0,0,0,5406,0,3510,1896,0
3795,48484,16.767084,16.389723,11.726484,0.007079,0.000500,0.000000,0.000000,4.468750,0.013000,0.307666,2046,3391070,115838,0,2,0,2,0,0,0,0,0,0,7208,0,4680,2528,0
3796,48485,16.684875,16.319735,11.923727,0.007377,0.000583,0.000000,0.000000,4.546375,0.032500,1.288958,2063,3408084,118144,0,2,0,2,0,0,0,0,0,0,5406,0,3510,1896,0
3797,48486,16.739958,16.363836,11.891792,0.008005,0.000668,0.000000,0.000000,4.508542,0.013208,0.498083,2118,3394866,117905,0,2,0,2,0,0,0,0,0,0,5406,0,3510,1896,0
3798,48487,16.328292,15.974639,11.540865,0.007793,0.000541,0.000000,0.000000,4.836083,0.012583,0.936042,2034,3374797,114793,0,2,0,2,0,0,0,0,0,0,7208,0,4680,2528,0
3799,48488,17.225708,16.853087,12.096354,0.006959,0.001000,0.000000,0.000000,4.211375,0.013250,0.593917,2089,3437053,120008,0,2,0,2,0,0,0,0,0,0,5406,0,3510,1896,0
3800,48489,16.243583,15.867200,11.742023,0.006826,0.000626,0.000000,0.000000,4.683334,0.034791,0.647208,2104,3382465,117097,0,2,0,2,0,0,0,0,0,0,5406,0,3510,1896,0
3801,48490,16.420959,16.067109,11.458996,0.007167,0.000249,0.000000,0.000000,4.804083,0.020792,0.942250,2049,3382028,113470,0,2,0,2,0,0,0,0,0,0,7208,0,4680,2528,0
3802,48491,17.067333,16.694849,11.987879,0.005918,0.000542,0.000000,0.000000,4.563750,0.027875,0.318750,2099,3476711,121612,0,2,0,2,0,0,0,0,0,0,5406,0,3510,1896,0
3803,48492,16.627625,16.257219,11.765911,0.007493,0.000792,0.000000,0.000000,4.599250,0.013458,0.916292,2096,3361810,116592,0,2,0,2,0,0,0,0,0,0,5406,0,3510,1896,0
3804,48493,16.589958,16.234481,11.697373,0.006285,0.000290,0.000000,0.000000,4.722250,0.014167,0.593458,2047,3384963,114788,0,2,0,2,0,0,0,0,0,0,7208,0,4680,2528,0
3805,48494,17.997709,17.603845,12.947992,0.007592,0.000750,0.000000,0.000000,3.251416,0.012959,0.598916,2177,3582301,125578,0,2,0,2,0,0,0,0,0,0,5406,0,3510,1896,0
3806,48495,16.213500,15.815193,12.449825,0.008449,0.000292,0.000000,0.000000,3.836583,0.021000,0.932083,2195,3487926,121270,0,2,0,2,0,0,0,0,0,0,7447,0,3510,3937,0
3807,48496,16.403750,16.035444,12.288829,0.006873,0.000500,0.000000,0.000000,4.004833,0.013875,0.290916,2116,3510407,120753,0,2,0,2,0,0,0,0,0,0,7208,0,4680,2528,0
3808,48497,16.420291,16.045376,12.110463,0.006412,0.000417,0.000000,0.000000,4.298125,0.014042,0.939583,2119,3490394,121153,0,2,0,2,0,0,0,0,0,0,5406,0,3510,1896,0
3809,48498,17.003417,16.620716,12.422157,0.014201,0.000417,0.000000,0.000000,3.970875,0.026333,0.304917,2155,3512348,122489,0,2,0,2,0,0,0,0,0,0,5406,0,3510,1896,0
3810,48499,16.514000,16.140853,12.254909,0.007451,0.000459,0.000000,0.000000,4.072375,0.038833,0.942416,2150,3527394,121095,0,2,0,2,0,0,0,0,0,0,7208,0,4680,2528,0
3811,48500,16.427917,16.040252,12.048740,0.006872,0.000334,0.000000,0.000000,4.259791,0.019792,0.638917,2122,3472036,120654,0,2,0,2,0,0,0,0,0,0,5406,0,3510,1896,0
3812,48501,16.755583,16.385775,12.200002,0.007540,0.000668,0.000000,0.000000,4.256375,0.013042,0.621375,2107,3469671,120625,0,2,0,2,0,0,0,0,0,0,5406,0,3510,1896,0
3813,48502,16.788667,16.413619,12.239621,0.007541,0.000334,0.000000,0.000000,4.026666,0.012292,0.641458,2151,3547980,121823,0,2,0,2,0,0,0,0,0,0,7208,0,4680,2528,0
3814,48503,16.266583,15.887589,11.963657,0.006294,0.000583,0.000000,0.000000,4.569208,0.029667,0.937124,2131,3465889,120714,0,2,0,2,0,0,0,0,0,0,5406,0,3510,1896,0
3815,48504,16.849750,16.480966,12.004037,0.006376,0.000583,0.000000,0.000000,4.402708,0.036750,0.896958,2097,3461134,119448,0,2,0,2,0,0,0,0,0,0,7004,0,4536,2468,0
3816,48505,16.888375,16.507418,12.170088,0.007793,0.000544,0.000000,0.000000,4.376250,0.013000,0.496916,2128,3514790,121455,0,2,0,2,0,0,0,0,0,0,5610,0,3654,1956,0
3817,48506,16.885500,16.498843,12.199971,0.007379,0.000499,0.000000,0.000000,3.749125,0.029083,0.593500,2154,3491019,121681,0,2,0,2,0,0,0,0,0,0,5406,0,3510,1896,0
3818,48507,15.920542,15.552759,11.854424,0.009953,0.000374,0.000000,0.000000,4.681875,0.013750,0.307333,2088,3445688,117985,0,2,0,2,0,0,0,0,0,0,7208,0,4680,2528,0
3819,48508,17.388041,17.011728,12.421133,0.007875,0.000708,0.000000,0.000000,3.847042,0.013000,0.917167,2157,3502450,122553,0,2,0,2,0,0,0,0,0,0,5406,0,3510,1896,0
3820,48509,16.042167,15.670534,11.913408,0.006173,0.000500,0.000000,0.000000,4.548875,0.020833,0.618167,2102,3454691,120127,0,2,0,2,0,0,0,0,0,0,5406,0,3510,1896,0
3821,48510,15.930833,15.589184,11.136184,0.007622,0.000376,0.000000,0.000000,5.298709,0.016333,0.604791,1973,3274969,109809,0,2,0,2,0,0,0,0,0,0,7208,0,4680,2528,0
3822,48511,18.226209,17.862743,12.632668,0.006583,0.000667,0.000000,0.000000,3.601583,0.013333,0.610875,2015,3360836,117642,0,2,0,2,0,0,0,0,0,0,5406,0,3510,1896,0
3823,48512,15.580916,15.219014,11.681178,0.007838,0.000584,0.000000,0.000000,4.703959,0.018416,0.637333,1999,3260064,113458,0,2,0,2,0,0,0,0,0,0,5406,0,3510,1896,0
3824,48513,16.407792,16.062214,11.379217,0.007119,0.000332,0.000000,0.000000,5.095833,0.014000,0.922416,1949,3253446,110452,0,2,0,2,0,0,0,0,0,0,7208,0,4680,2528,0
3825,48514,17.320750,16.965152,11.930754,0.006624,0.000501,0.000000,0.000000,4.318125,0.014042,0.637875,2030,3339795,116722,0,2,0,2,0,0,0,0,0,0,5406,0,3510,1896,0
3826,48515,15.941333,15.584107,11.357810,0.007451,0.000458,0.000000,0.000000,5.165125,0.016209,0.605708,1993,3260556,113237,0,2,0,2,0,0,0,0,0,0,5406,0,3510,1896,0
3827,48516,16.869959,16.519110,11.437830,0.006627,0.000542,0.000000,0.000000,4.971458,0.013333,0.638209,1963,3266171,111444,0,2,0,2,0,0,0,0,0,0,7208,0,4680,2528,0
3828,48517,17.014708,16.656909,11.772730,0.007746,0.000250,0.000000,0.000000,4.483208,0.014000,0.942542,2017,3315071,115288,0,2,0,2,0,0,0,0,0,0,5406,0,3510,1896,0
3829,48518,16.969500,16.588320,12.109066,0.007328,0.000917,0.000000,0.000000,4.199875,0.011583,0.639333,2062,3288714,114358,0,2,0,2,0,0,0,0,0,0,5406,0,3510,1896,0
3830,48519,15.778958,15.436799,11.320065,0.010409,0.000374,0.000000,0.000000,5.201167,0.013958,0.925166,1949,3199070,108652,0,2,0,2,0,0,0,0,0,0,7208,0,4680,2528,0
3831,48520,18.912000,18.552097,13.432644,0.005782,0.000416,0.000000,0.000000,2.815500,0.014292,0.598208,2016,3943814,137021,0,2,0,2,0,0,0,0,0,0,5406,0,3510,1896,0
3832,48521,14.437375,14.078107,11.347334,0.007746,0.000500,0.000000,0.000000,5.160750,0.020917,0.305542,2018,3224336,111799,0,2,0,2,0,0,0,0,0,0,5406,0,3510,1896,0
3833,48522,16.909000,16.555196,11.467364,0.010583,0.000417,0.000000,0.000000,4.918625,0.012667,0.944042,1996,3265240,111250,0,2,0,2,0,0,0,0,0,0,7208,0,4680,2528,0
3834,48523,17.218584,16.842364,11.996563,0.012250,0.000332,0.000000,0.000000,4.240166,0.026334,0.638875,1988,3310344,115327,0,2,0,2,0,0,0,0,0,0,5406,0,3510,1896,0
3835,48524,15.778875,15.431187,11.268520,0.008172,0.000625,0.000000,0.000000,5.085541,0.012584,1.088125,1988,3201881,110520,0,2,0,2,0,0,0,0,0,0,5406,0,3510,1896,0
3836,48525,16.607083,16.262035,11.188839,0.008214,0.000499,0.000000,0.000000,5.251042,0.021041,0.292875,1947,3221779,109325,0,2,0,2,0,0,0,0,0,0,7208,0,4680,2528,0
3837,48526,17.067250,16.721217,11.567226,0.007960,0.000375,0.000000,0.000000,4.830583,0.014542,0.674458,1965,3248789,112921,0,2,0,2,0,0,0,0,0,0,5406,0,3510,1896,0
3838,48527,17.362667,17.017233,12.250807,0.007373,0.000459,0.000000,0.000000,4.233958,0.018125,0.605417,1938,3285279,112973,0,2,0,2,0,0,0,0,0,0,5406,0,3510,1896,0
3839,48528,14.251333,13.942834,9.783671,0.008336,0.000542,0.000000,0.000000,6.642500,0.012667,0.628000,1729,2956603,98438,0,2,0,2,0,0,0,0,0,0,7471,0,4680,2791,0
3840,48529,18.656625,18.307849,11.741919,0.006834,0.000542,0.000000,0.000000,4.532083,0.016792,0.969166,1913,3347119,112524,0,2,0,2,0,0,0,0,0,0,5406,0,3510,1896,0
3841,48530,15.307792,14.986276,10.520003,0.008203,0.000501,0.000000,0.000000,5.894208,0.028500,0.627459,1803,2943405,99286,0,2,0,2,0,0,0,0,0,0,5406,0,3510,1896,0
3842,48531,16.890500,16.574262,10.689702,0.013125,0.000459,0.000000,0.000000,5.785041,0.036042,0.622707,1787,2967566,97925,0,2,0,2,0,0,0,0,0,0,7208,0,4680,2528,0
3843,48532,16.860250,16.527565,10.802253,0.008665,0.000501,0.000000,0.000000,5.500208,0.012833,0.655709,1864,3052365,102538,0,2,0,2,0,0,0,0,0,0,5406,0,3510,1896,0
3844,48533,16.408208,16.076917,10.665710,0.008165,0.000458,0.000000,0.000000,5.838458,0.013542,0.950709,1876,3020242,101439,0,2,0,2,0,0,0,0,0,0,5406,0,3510,1896,0
3845,48534,16.708500,16.372228,10.564197,0.007915,0.000542,0.000000,0.000000,5.912042,0.045541,0.500834,1802,2991064,97938,0,2,0,2,0,0,0,0,0,0,7208,0,4680,2528,0
3846,48535,17.032375,16.685677,10.812670,0.008205,0.000374,0.000000,0.000000,5.334542,0.020500,0.596167,1886,3057223,102575,0,2,0,2,0,0,0,0,0,0,5406,0,3510,1896,0
3847,48536,16.277000,15.954426,10.706730,0.013621,0.000666,0.000000,0.000000,5.787000,0.035750,1.137709,1819,2998987,100264,0,2,0,2,0,0,0,0,0,0,5406,0,3510,1896,0
3848,48537,16.744000,16.420178,10.693055,0.007536,0.000292,0.000000,0.000000,5.723250,0.012125,0.597917,1838,3040535,100361,0,2,0,2,0,0,0,0,0,0,7208,0,4680,2528,0
3849,48538,16.851625,16.517452,10.816236,0.008247,0.000585,0.000000,0.000000,5.450417,0.038625,0.944499,1877,3033883,102102,0,2,0,2,0,0,0,0,0,0,5406,0,3510,1896,0
3850,48539,16.195958,15.867179,10.489109,0.008827,0.000418,0.000000,0.000000,6.112959,0.014208,0.318250,1835,2966863,99607,0,2,0,2,0,0,0,0,0,0,5406,0,3510,1896,0
3851,48540,16.836625,16.526956,10.494067,0.008042,0.000207,0.000000,0.000000,5.853375,0.013542,0.938208,1758,2959656,97113,0,2,0,2,0,0,0,0,0,0,7208,0,4680,2528,0
3852,48541,17.107875,16.758129,10.952172,0.008540,0.000374,0.000000,0.000000,5.324125,0.019417,0.298292,1884,3056152,103180,0,2,0,2,0,0,0,0,0,0,5406,0,3510,1896,0
3853,48542,16.242292,15.914419,10.650647,0.007534,0.000417,0.000000,0.000000,5.700667,0.011958,1.256001,1850,2980025,100107,0,2,0,2,0,0,0,0,0,0,5406,0,3510,1896,0
3854,48543,16.524208,16.192290,10.554893,0.008623,0.000667,0.000000,0.000000,5.978959,0.018166,0.930584,1787,2975660,97682,0,2,0,2,0,0,0,0,0,0,7208,0,4680,2528,0
3855,48544,17.027750,16.692620,10.796555,0.007756,0.000292,0.000000,0.000000,5.493542,0.026083,0.361125,1868,3049525,102416,0,2,0,2,0,0,0,0,0,0,5406,0,3510,1896,0
3856,48545,16.475250,16.143128,10.723544,0.008081,0.000499,0.000000,0.000000,5.856292,0.028417,0.600875,1897,3007548,101381,0,2,0,2,0,0,0,0,0,0,5406,0,3510,1896,0
3857,48546,16.553167,16.230113,10.452825,0.007961,0.000542,0.000000,0.000000,5.840125,0.013708,0.634167,1797,2965837,97828,0,2,0,2,0,0,0,0,0,0,7208,0,4680,2528,0
3858,48547,16.753208,16.421615,10.685981,0.007703,0.000709,0.000000,0.000000,5.718667,0.027375,0.931916,1871,3026148,102027,0,2,0,2,0,0,0,0,0,0,5406,0,3510,1896,0
3859,48548,16.363125,16.033144,10.387184,0.007795,0.000417,0.000000,0.000000,6.039084,0.013125,0.612542,1858,2963824,99521,0,2,0,2,0,0,0,0,0,0,5406,0,3510,1896,0
3860,48549,17.145209,16.799938,10.835947,0.007293,0.000334,0.000000,0.000000,5.656083,0.046583,0.627208,1854,3033521,100646,0,2,0,2,0,0,0,0,0,0,7208,0,4680,2528,0
3861,48550,16.310750,15.986702,10.386533,0.007790,0.000333,0.000000,0.000000,5.868958,0.012125,0.640916,1844,2970992,100169,0,2,0,2,0,0,0,0,0,0,5406,0,3510,1896,0
3862,48551,16.598958,16.256708,10.438903,0.008579,0.000502,0.000000,0.000000,6.098167,0.029875,0.936834,1874,2945332,99322,0,2,0,2,0,0,0,0,0,0,5406,0,3510,1896,0
3863,48552,16.739000,16.415638,10.409022,0.008925,0.000332,0.000000,0.000000,6.053292,0.031041,0.878583,1798,2994839,98860,0,2,0,2,0,0,0,0,0,0,7208,0,4680,2528,0
3864,48553,16.678042,16.347388,10.376388,0.008457,0.000500,0.000000,0.000000,5.883916,0.013542,0.512042,1838,2972035,100312,0,2,0,2,0,0,0,0,0,0,5406,0,3510,1896,0
3865,48554,16.459333,16.124435,10.322588,0.010750,0.000583,0.000000,0.000000,6.214750,0.038542,0.944457,1860,2940325,99141,0,2,0,2,0,0,0,0,0,0,5406,0,3510,1896,0
3866,48555,17.164417,16.827774,10.686949,0.007419,0.000334,0.000000,0.000000,5.724583,0.024625,0.304000,1844,3014343,100040,0,2,0,2,0,0,0,0,0,0,7208,0,4680,2528,0
3867,48556,16.250166,15.932306,10.292896,0.007167,0.000292,0.000000,0.000000,6.151084,0.032666,1.285542,1797,2940322,98670,0,2,0,2,0,0,0,0,0,0,5406,0,3510,1896,0
3868,48557,16.852917,16.518618,10.426518,0.006913,0.000585,0.000000,0.000000,5.981250,0.013125,0.556292,1844,2947295,98214,0,2,0,2,0,0,0,0,0,0,7004,0,4536,2468,0
3869,48558,16.682000,16.360543,10.477571,0.007210,0.000459,0.000000,0.000000,5.824208,0.011084,0.627250,1821,2980281,100371,0,2,0,2,0,0,0,0,0,0,5610,0,3654,1956,0
3870,48559,16.260375,15.923141,10.186478,0.007543,0.000583,0.000000,0.000000,6.206042,0.027083,0.583042,1802,2916556,98485,0,2,0,2,0,0,0,0,0,0,5406,0,3510,1896,0
3871,48560,16.641583,16.314202,10.160876,0.007998,0.000332,0.000000,0.000000,6.249667,0.024250,0.638334,1795,2905883,95868,0,2,0,2,0,0,0,0,0,0,7208,0,4680,2528,0
3872,48561,16.894875,16.553205,10.381363,0.007296,0.000459,0.000000,0.000000,6.116750,0.036875,0.939917,1853,2971615,101285,0,2,0,2,0,0,0,0,0,0,5406,0,3510,1896,0
3873,48562,16.365667,16.058613,9.983263,0.010911,0.000499,0.000000,0.000000,6.301042,0.032541,0.643959,1762,2855666,96837,0,2,0,2,0,0,0,0,0,0,5406,0,3510,1896,0
