frame,acquire_begin_time_s,acquire_end_time_s,registered_time_s,presented_time_s
0,541934.072004625,541934.072986250,541934.073061334,0.000000000
1,541934.613991708,541934.614533750,541934.614770167,541934.637130167
2,541935.994808625,541935.994841167,541935.995096417,0.000000000
3,541936.144606458,541936.144642917,541936.144932792,541936.154438458
4,541936.177844583,541936.177873750,541936.177946750,541936.184472792
5,541936.195695250,541936.195721250,541936.195778250,541936.200327333
6,541936.212667333,541936.212691750,541936.212744000,541936.217550833
7,541936.230496500,541936.230523833,541936.230580417,541936.234473833
8,541936.246646583,541936.246671292,541936.246731167,541936.250507583
9,541936.262503083,541936.262525000,541936.262570917,541936.266391500
10,541936.278722542,541936.278749208,541936.278798958,541936.282964292
11,541936.293915667,541936.293939500,541936.293981458,541936.297558833
12,541936.308889334,541936.308912667,541936.308966208,541936.313020583
13,541936.324145125,541936.324170667,541936.324218042,541936.327897000
14,541936.339612125,541936.339637375,541936.339688708,541936.344004333
15,541936.354605209,541936.354629875,541936.354674459,541936.358324584
16,541936.369494042,541936.369519167,541936.369563458,541936.373355458
17,541936.384232208,541936.384254167,541936.384300208,541936.387831208
18,541936.400144500,541936.400167792,541936.400210750,541936.409767792
19,541936.415271333,541936.415290084,541936.415347167,541936.418999333
20,541936.430244667,541936.430269917,541936.430314208,541936.434222208
21,541936.445451917,541936.445473333,541936.445513958,541936.449093542
22,541936.460531583,541936.460554417,541936.460598208,541936.464270792
23,541936.475156625,541936.475178958,541936.475222917,541936.479854208
24,541936.490447417,541936.490470625,541936.490515917,541936.493990167
25,541936.505281208,541936.505305500,541936.505352417,541936.509706042
26,541936.520161833,541936.520185042,541936.520229833,541936.523778292
27,541936.535158875,541936.535183417,541936.535225917,541936.539433417
28,541936.550212250,541936.550233792,541936.550280292,541936.553859542
29,541936.564976083,541936.564997792,541936.565044583,541936.568631167
30,541936.580959875,541936.580988084,541936.581036875,541936.584756834
31,541936.596232208,541936.596257458,541936.596309750,541936.600119500
32,541936.611538042,541936.611563792,541936.611618833,541936.615275958
33,541936.627011583,541936.627035375,541936.627077583,541936.631038167
34,541936.642147792,541936.642172542,541936.642215583,541936.645901208
35,541936.656786917,541936.656807792,541936.656848875,541936.660539208
36,541936.671856334,541936.671884167,541936.671927583,541936.676661792
37,541936.686480833,541936.686504042,541936.686546250,541936.690207625
38,541936.701336500,541936.701359917,541936.701404625,541936.705211792
39,541936.716471875,541936.716495875,541936.716538375,541936.720207125
40,541936.731298250,541936.731319167,541936.731360750,541936.734981208
41,541936.745928917,541936.745951750,541936.745997542,541936.750541458
42,541936.761115375,541936.761137500,541936.761178833,541936.764787083
43,541936.776267500,541936.776287333,541936.776330083,541936.779856083
44,541936.792054542,541936.792077708,541936.792124708,541936.795774375
45,541936.808350250,541936.808375583,541936.808426959,541936.812084542
46,541936.824032750,541936.824057708,541936.824111833,541936.827753958
47,541936.839317625,541936.839342167,541936.839403958,541936.842852417
48,541936.854827125,541936.854849333,541936.854892583,541936.858808375
49,541936.869494000,541936.869521917,541936.869580625,541936.873309250
50,541936.885524750,541936.885557625,541936.885636542,541936.889680792
51,541936.901909792,541936.901937875,541936.901994500,541936.905794083
52,541936.917381875,541936.917407834,541936.917459917,541936.925573250
53,541936.932472958,541936.932488375,541936.932536875,541936.936289334
54,541936.948323542,541936.948348958,541936.948397667,541936.952067167
55,541936.963434042,541936.963461750,541936.963506833,541936.967206333
56,541936.978063417,541936.978093583,541936.978141250,541936.982946959
57,541936.993168625,541936.993192125,541936.993236750,541936.996978500
58,541937.008656375,541937.008683042,541937.008743125,541937.012411334
59,541937.023541834,541937.023560500,541937.023619500,541937.027292292
60,541937.039192667,541937.039216500,541937.039264000,541937.050226458
61,541937.054562792,541937.054587958,541937.054636292,541937.058366333
62,541937.069722667,541937.069747167,541937.069791167,541937.073459625
63,541937.086007583,541937.086031958,541937.086076375,541937.090405625
64,541937.101228375,541937.101252375,541937.101300167,541937.104899500
65,541937.116420792,541937.116444958,541937.116494458,541937.120530125
66,541937.132275208,541937.132300458,541937.132346417,541937.135806417
67,541937.147078875,541937.147101000,541937.147145083,541937.151789208
68,541937.161959208,541937.161979583,541937.162019417,541937.165544250
69,541937.176721500,541937.176747042,541937.176790167,541937.180453792
70,541937.191657750,541937.191680833,541937.191723000,541937.195221667
71,541937.206491708,541937.206514625,541937.206556125,541937.210022083
72,541937.221850458,541937.221876083,541937.221921792,541937.226496500
73,541937.238274583,541937.238296250,541937.238340875,541937.242478375
74,541937.255116917,541937.255138417,541937.255180833,541937.258791083
75,541937.271785083,541937.271809125,541937.271848792,541937.275465042
76,541937.288335375,541937.288356500,541937.288406333,541937.291889958
77,541937.305208083,541937.305244167,541937.305286583,541937.310213875
78,541937.321945667,541937.321977542,541937.322017208,541937.326539500
79,541937.339291292,541937.339314333,541937.339360083,541937.343098167
80,541937.355386417,541937.355413708,541937.355462792,541937.359213333
81,541937.372016875,541937.372041375,541937.372089958,541937.375727333
82,541937.388609667,541937.388634625,541937.388692583,541937.392564375
83,541937.405403500,541937.405427833,541937.405475917,541937.419476792
84,541937.422112375,541937.422138542,541937.422188667,541937.426668625
85,541937.438594042,541937.438620458,541937.438675667,541937.442348458
86,541937.455605333,541937.455641917,541937.455705834,541937.459567542
87,541937.472073167,541937.472099917,541937.472138792,541937.475728042
88,541937.488501750,541937.488524583,541937.488568250,541937.493235833
89,541937.505484167,541937.505513000,541937.505555333,541937.509587375
90,541937.522142084,541937.522163833,541937.522204208,541937.526105875
91,541937.538815042,541937.538839958,541937.538892208,541937.542573167
92,541937.555494542,541937.555517208,541937.555560333,541937.559334875
93,541937.572138458,541937.572160292,541937.572203000,541937.575835917
94,541937.588661750,541937.588683875,541937.588731708,541937.592844500
95,541937.605843042,541937.605878458,541937.605937417,541937.609832667
96,541937.622479167,541937.622510708,541937.622556833,541937.626813833
97,541937.638642750,541937.638662542,541937.638704875,541937.642300000
98,541937.655673125,541937.655703875,541937.655746042,541937.659388250
99,541937.672299792,541937.672328875,541937.672369958,541937.676037958
100,541937.688768542,541937.688791250,541937.688834875,541937.693278333
101,541937.705527125,541937.705549167,541937.705590375,541937.709512083
102,541937.722308250,541937.722335500,541937.722373709,541937.726026125
103,541937.738738125,541937.738758333,541937.738798584,541937.742460250
104,541937.755791500,541937.755813792,541937.755857625,541937.759491792
105,541937.772377417,541937.772402167,541937.772447083,541937.776955875
106,541937.788807584,541937.788831458,541937.788869625,541937.792854458
107,541937.806196833,541937.806224208,541937.806289250,541937.809982792
108,541937.822516583,541937.822544792,541937.822594292,541937.826239583
109,541937.838922875,541937.838944625,541937.838984292,541937.842616708
110,541937.855873083,541937.855894792,541937.855937167,541937.860894208
111,541937.872533458,541937.872553875,541937.872605167,541937.876915250
112,541937.888934542,541937.888954750,541937.888996000,541937.892641917
113,541937.905809167,541937.905837792,541937.905880250,541937.909564792
114,541937.922657500,541937.922688583,541937.922739500,541937.926364667
115,541937.939654042,541937.939670375,541937.939705333,541937.943170875
116,541937.959799292,541937.959830083,541937.959885125,541937.964560333
117,541937.978590292,541937.978618000,541937.978672250,541937.992453958
118,541937.994685292,541937.994708250,541937.994755458,541938.000491792
119,541938.010656042,541938.010686500,541938.010749667,541938.014568167
120,541938.026036375,541938.026059125,541938.026109333,541938.031333083
121,541938.041956917,541938.041981292,541938.042018958,541938.046008584
122,541938.057682708,541938.057706750,541938.057741792,541938.061423459
123,541938.072904792,541938.072928125,541938.072959542,541938.077060458
124,541938.089335667,541938.089358500,541938.089388750,541938.100015542
125,541938.106188375,541938.106208250,541938.106252417,541938.109879833
126,541938.122834583,541938.122857417,541938.122887958,541938.126516542
127,541938.139431417,541938.139460958,541938.139490542,541938.144398083
128,541938.156108834,541938.156134208,541938.156175083,541938.160595125
129,541938.172581667,541938.172608958,541938.172641375,541938.176560333
130,541938.189547708,541938.189573458,541938.189605042,541938.193213333
131,541938.209553917,541938.209585042,541938.209621292,541938.213504208
132,541938.224633958,541938.224660750,541938.224695833,541938.228361792
133,541938.240371875,541938.240398000,541938.240431542,541938.244211167
134,541938.256313458,541938.256341917,541938.256380625,541938.260703209
135,541938.271990084,541938.272011750,541938.272035958,541938.275848875
136,541938.289617542,541938.289642167,541938.289682750,541938.293450375
137,541938.306221584,541938.306246125,541938.306273250,541938.309883542
138,541938.322818250,541938.322843625,541938.322878958,541938.327564875
139,541938.339631875,541938.339657084,541938.339688208,541938.343898542
140,541938.356299500,541938.356325125,541938.356353500,541938.360086417
141,541938.372850708,541938.372880917,541938.372910375,541938.376510750
142,541938.388773125,541938.388802542,541938.388829333,541938.392821500
143,541938.406343292,541938.406365042,541938.406392250,541938.417643667
144,541938.422747375,541938.422773667,541938.422803208,541938.426606042
145,541938.439601208,541938.439623167,541938.439655083,541938.443635000
146,541938.456408792,541938.456437833,541938.456471917,541938.460100833
147,541938.472865375,541938.472887208,541938.472924958,541938.476554083
148,541938.489780750,541938.489802292,541938.489833750,541938.493463875
149,541938.506501417,541938.506524500,541938.506557958,541938.511321542
150,541938.522961458,541938.522984167,541938.523014208,541938.526999458
151,541938.539817208,541938.539840125,541938.539868875,541938.543637750
152,541938.556459125,541938.556482958,541938.556510375,541938.560064333
153,541938.572929083,541938.572947875,541938.572975583,541938.576580333
154,541938.589010833,541938.589033667,541938.589071292,541938.593962083
155,541938.606236083,541938.606261875,541938.606290375,541938.611070917
156,541938.623515917,541938.623551583,541938.623582750,541938.628250750
157,541938.640342959,541938.640378708,541938.640409125,541938.644727833
158,541938.656560708,541938.656581208,541938.656610667,541938.660324458
159,541938.673086000,541938.673107292,541938.673136417,541938.676712417
160,541938.690136750,541938.690163750,541938.690196583,541938.693718833
161,541938.706599584,541938.706623583,541938.706650417,541938.711190750
162,541938.723037625,541938.723056292,541938.723084000,541938.726814083
163,541938.740112000,541938.740133958,541938.740162625,541938.743819375
164,541938.756947792,541938.756972292,541938.757015542,541938.760758750
165,541938.773230583,541938.773253750,541938.773296958,541938.777042167
166,541938.790098917,541938.790124167,541938.790159750,541938.795108292
167,541938.806819250,541938.806845042,541938.806875917,541938.811257708
168,541938.823026500,541938.823045000,541938.823071333,541938.826661042
169,541938.839903333,541938.839924125,541938.839955334,541938.843583083
170,541938.856596917,541938.856620042,541938.856646042,541938.860324458
171,541938.873190750,541938.873210417,541938.873236792,541938.877990250
172,541938.890213625,541938.890244000,541938.890280042,541938.895027250
173,541938.906038667,541938.906063458,541938.906086792,541938.909681875
174,541938.923286917,541938.923308042,541938.923332750,541938.926931875
175,541938.939978209,541938.939995375,541938.940019792,541938.943602458
176,541938.956754375,541938.956774958,541938.956800458,541938.960361250
177,541938.973394417,541938.973411542,541938.973444042,541938.978442000
178,541938.990198792,541938.990218083,541938.990243334,541938.994916458
179,541939.007003042,541939.007026792,541939.007067375,541939.011353917
180,541939.022658209,541939.022674458,541939.022696750,541939.026263375
181,541939.039995000,541939.040013917,541939.040042667,541939.043067750
182,541939.056590250,541939.056607292,541939.056636792,541939.060257584
183,541939.073496375,541939.073517167,541939.073542833,541939.078320334
184,541939.090269875,541939.090288792,541939.090316000,541939.094793250
185,541939.106766667,541939.106785583,541939.106811625,541939.110668500
186,541939.123589667,541939.123610583,541939.123635625,541939.127195917
187,541939.140157333,541939.140176250,541939.140201167,541939.143896833
188,541939.156837917,541939.156857458,541939.156884000,541939.165437458
189,541939.173588209,541939.173606792,541939.173634917,541939.177806625
190,541939.190302875,541939.190322750,541939.190348750,541939.194448500
191,541939.206994417,541939.207015000,541939.207043208,541939.210741125
192,541939.223590459,541939.223609833,541939.223635459,541939.227317000
193,541939.240109958,541939.240125875,541939.240151167,541939.243700792
194,541939.256740750,541939.256759167,541939.256784583,541939.260400417
195,541939.273685958,541939.273704375,541939.273730000,541939.278369083
196,541939.290376792,541939.290395250,541939.290420917,541939.294465417
197,541939.306824750,541939.306843417,541939.306869333,541939.310448250
198,541939.323902458,541939.323924792,541939.323956042,541939.327588667
199,541939.340762958,541939.340792875,541939.340831625,541939.344508958
200,541939.357213375,541939.357235625,541939.357273917,541939.360956583
201,541939.374059708,541939.374091250,541939.374120625,541939.379074625
202,541939.391535917,541939.391558709,541939.391596542,541939.396381333
203,541939.407128250,541939.407163458,541939.407202375,541939.410333958
204,541939.424064167,541939.424086667,541939.424116542,541939.427755000
205,541939.440705375,541939.440727583,541939.440758708,541939.444348667
206,541939.457285958,541939.457314709,541939.457347833,541939.462390375
207,541939.474128292,541939.474149250,541939.474178167,541939.478532417
208,541939.490792834,541939.490816042,541939.490846500,541939.495086125
209,541939.507062750,541939.507083625,541939.507111125,541939.510849583
210,541939.524175167,541939.524198958,541939.524226417,541939.527923375
211,541939.539957167,541939.539985333,541939.540014667,541939.544059958
212,541939.557311542,541939.557333458,541939.557374500,541939.562352458
213,541939.573831625,541939.573860750,541939.573890625,541939.577976083
214,541939.591205959,541939.591232750,541939.591264292,541939.595302542
215,541939.607846167,541939.607873125,541939.607903708,541939.611502500
216,541939.624327375,541939.624359292,541939.624407417,541939.628040000
217,541939.640878583,541939.640901917,541939.640930833,541939.644515958
218,541939.656748833,541939.656778042,541939.656811667,541939.661056333
219,541939.674212958,541939.674241625,541939.674270333,541939.678421625
220,541939.690702292,541939.690725500,541939.690755625,541939.694371708
221,541939.707747917,541939.707769542,541939.707798667,541939.711452750
222,541939.724811125,541939.724835709,541939.724864333,541939.728510833
223,541939.741447042,541939.741469625,541939.741501583,541939.745141250
224,541939.757690583,541939.757715458,541939.757744917,541939.762149875
225,541939.774259750,541939.774283167,541939.774315833,541939.777879833
226,541939.791154625,541939.791185458,541939.791215417,541939.794890375
227,541939.807874125,541939.807903542,541939.807942000,541939.811563000
228,541939.824620375,541939.824651125,541939.824687458,541939.828312958
229,541939.841032458,541939.841063584,541939.841100833,541939.845658542
230,541939.857867375,541939.857902083,541939.857931000,541939.862386792
231,541939.874524667,541939.874548125,541939.874575500,541939.878487333
232,541939.891076250,541939.891106667,541939.891135792,541939.894745583
233,541939.907821208,541939.907842250,541939.907869625,541939.911500750
234,541939.924600750,541939.924628500,541939.924658125,541939.928289959
235,541939.941081708,541939.941107958,541939.941140042,541939.946017083
236,541939.957948333,541939.957976208,541939.958007958,541939.961573125
237,541939.974617958,541939.974640375,541939.974678583,541939.979288708
238,541939.991052834,541939.991075083,541939.991109167,541939.994827958
239,541940.008163750,541940.008187625,541940.008218792,541940.012025375
240,541940.024636000,541940.024657125,541940.024686167,541940.028292917
241,541940.040385375,541940.040411000,541940.040436625,541940.045308833
242,541940.058087083,541940.058114292,541940.058144958,541940.063248375
243,541940.074834708,541940.074866375,541940.074902333,541940.079285792
244,541940.091233875,541940.091263417,541940.091293458,541940.095031708
245,541940.108021292,541940.108044917,541940.108077542,541940.124534625
246,541940.124746792,541940.124765333,541940.124794708,541940.130627583
247,541940.141451958,541940.141496792,541940.141529583,541940.145204917
248,541940.157983042,541940.158007250,541940.158040042,541940.162012958
249,541940.174874833,541940.174898500,541940.174940542,541940.178917833
250,541940.191246500,541940.191275125,541940.191314917,541940.195060959
251,541940.208013333,541940.208052375,541940.208109542,541940.215365333
252,541940.224873208,541940.224896333,541940.224926333,541940.228532917
253,541940.240733250,541940.240757708,541940.240788375,541940.244748792
254,541940.258088583,541940.258113000,541940.258148625,541940.262282458
255,541940.274588333,541940.274609917,541940.274646083,541940.278320250
256,541940.291304292,541940.291325917,541940.291356583,541940.295097583
257,541940.308003583,541940.308029917,541940.308059417,541940.311723833
258,541940.324844042,541940.324866167,541940.324899917,541940.328482958
259,541940.341385833,541940.341413917,541940.341456958,541940.346316583
260,541940.358337542,541940.358357583,541940.358387500,541940.362644083
261,541940.374765250,541940.374785125,541940.374821167,541940.378503667
262,541940.391992208,541940.392012417,541940.392050833,541940.409362667
263,541940.408162833,541940.408197000,541940.408258125,541940.415879167
264,541940.424978833,541940.424996958,541940.425025417,541940.428597042
265,541940.441528042,541940.441562042,541940.441592917,541940.445706792
266,541940.458276667,541940.458300000,541940.458333667,541940.462471708
267,541940.475012750,541940.475043042,541940.475074917,541940.478656583
268,541940.491521375,541940.491550958,541940.491580833,541940.495235750
269,541940.508192708,541940.508212000,541940.508241000,541940.511827292
270,541940.524410417,541940.524433500,541940.524487125,541940.528920792
271,541940.541705167,541940.541727833,541940.541757750,541940.545371625
272,541940.558324083,541940.558355417,541940.558387625,541940.562155375
273,541940.575072750,541940.575099125,541940.575136000,541940.578768667
274,541940.591645000,541940.591672417,541940.591704542,541940.595421292
275,541940.608384250,541940.608412792,541940.608444500,541940.613333292
276,541940.625080625,541940.625101708,541940.625133208,541940.629679750
277,541940.641788125,541940.641825625,541940.641869792,541940.645864417
278,541940.657798708,541940.657827667,541940.657867250,541940.661582458
279,541940.675050167,541940.675084208,541940.675118583,541940.678807500
280,541940.691896417,541940.691923542,541940.691965083,541940.695599750
281,541940.708495500,541940.708519583,541940.708552333,541940.713484250
282,541940.725096583,541940.725116667,541940.725149875,541940.729366125
283,541940.741811500,541940.741834792,541940.741869958,541940.745538792
284,541940.758620042,541940.758649583,541940.758685375,541940.762314333
285,541940.775095042,541940.775116750,541940.775154042,541940.778766542
286,541940.791938750,541940.791960459,541940.791988625,541940.797023625
287,541940.808558667,541940.808590917,541940.808620875,541940.812876917
288,541940.825090167,541940.825109375,541940.825135292,541940.828725292
289,541940.842006750,541940.842035833,541940.842072167,541940.845716750
290,541940.858605583,541940.858626625,541940.858656542,541940.862273375
291,541940.875154167,541940.875176459,541940.875201583,541940.878786500
292,541940.891917875,541940.891938750,541940.891968958,541940.896534208
293,541940.908640583,541940.908673292,541940.908704667,541940.912802292
294,541940.925213084,541940.925235334,541940.925262875,541940.928896417
295,541940.941949958,541940.941980000,541940.942008583,541940.945693500
296,541940.958747083,541940.958768917,541940.958797167,541940.962422333
297,541940.975468250,541940.975502708,541940.975531459,541940.979196667
298,541940.992086167,541940.992119625,541940.992155958,541940.996293000
299,541941.009110583,541941.009135208,541941.009180542,541941.013174042
300,541941.025301208,541941.025331083,541941.025359792,541941.029107792
301,541941.041579917,541941.041606500,541941.041632458,541941.045327625
302,541941.059373708,541941.059394958,541941.059425042,541941.063064250
303,541941.075509208,541941.075542125,541941.075580917,541941.079978542
304,541941.091946542,541941.091973167,541941.092005958,541941.095657875
305,541941.108985542,541941.109010917,541941.109052917,541941.112713625
306,541941.125619250,541941.125642208,541941.125678833,541941.129359417
307,541941.142350583,541941.142382208,541941.142419792,541941.146120792
308,541941.159035417,541941.159064500,541941.159098375,541941.163579042
309,541941.175657167,541941.175677167,541941.175708833,541941.191531583
310,541941.192678417,541941.192699167,541941.192731583,541941.197976792
311,541941.209023708,541941.209053667,541941.209096542,541941.212814583
312,541941.225419875,541941.225445458,541941.225476333,541941.229869625
313,541941.242298958,541941.242331583,541941.242362333,541941.247020292
314,541941.258593709,541941.258622417,541941.258655208,541941.262469917
315,541941.275520000,541941.275543417,541941.275574458,541941.279474458
316,541941.292168708,541941.292188792,541941.292216458,541941.295838708
317,541941.308877042,541941.308900833,541941.308938750,541941.312591833
318,541941.325548375,541941.325569833,541941.325605625,541941.329214083
319,541941.342254167,541941.342274750,541941.342302375,541941.346797167
320,541941.358884875,541941.358913917,541941.358941500,541941.362791583
321,541941.375591833,541941.375611833,541941.375638125,541941.379240417
322,541941.392520125,541941.392542958,541941.392581625,541941.410924625
323,541941.409186375,541941.409205167,541941.409236792,541941.417762000
324,541941.425756167,541941.425777458,541941.425817417,541941.430186167
325,541941.442569625,541941.442592125,541941.442624833,541941.446624875
326,541941.459358375,541941.459386125,541941.459418292,541941.463437000
327,541941.475707209,541941.475729667,541941.475757333,541941.479364708
328,541941.492602125,541941.492625417,541941.492658250,541941.496318667
329,541941.508611833,541941.508655042,541941.508687583,541941.513387458
330,541941.526022250,541941.526045500,541941.526075583,541941.529502833
331,541941.542910125,541941.542939542,541941.542980875,541941.546920458
332,541941.559449292,541941.559472875,541941.559502917,541941.563182167
333,541941.576028958,541941.576055833,541941.576086500,541941.579660250
334,541941.592803167,541941.592829167,541941.592859458,541941.596367167
335,541941.609482042,541941.609507042,541941.609540000,541941.614479417
336,541941.626220167,541941.626251458,541941.626280375,541941.630754125
337,541941.642770542,541941.642790667,541941.642818292,541941.646398083
338,541941.658973708,541941.658991667,541941.659019292,541941.662551167
339,541941.676139167,541941.676171417,541941.676212292,541941.679940542
340,541941.692989625,541941.693012708,541941.693049167,541941.697314292
341,541941.709503167,541941.709535500,541941.709572792,541941.713650667
342,541941.726243333,541941.726274833,541941.726305625,541941.729976167
343,541941.742748917,541941.742772208,541941.742800458,541941.746546417
344,541941.759270917,541941.759293250,541941.759329917,541941.763009042
345,541941.782865125,541941.782892500,541941.782927042,541941.786957542
346,541941.800803042,541941.800840792,541941.800886292,541941.804582750
347,541941.817646667,541941.817669583,541941.817705667,541941.821391375
348,541941.834435292,541941.834470667,541941.834512667,541941.838217292
349,541941.851060000,541941.851087458,541941.851122500,541941.854727833
350,541941.866998208,541941.867027459,541941.867056125,541941.871298583
351,541941.882752125,541941.882779833,541941.882812583,541941.886373750
352,541941.897958458,541941.897988250,541941.898026458,541941.902813000
353,541941.913587458,541941.913610542,541941.913639417,541941.917344625
354,541941.929028750,541941.929054583,541941.929084292,541941.933798000
355,541941.944214292,541941.944238208,541941.944264250,541941.947918125
356,541941.959041750,541941.959067125,541941.959098250,541941.963606459
357,541941.976293625,541941.976317875,541941.976344833,541941.979976333
358,541941.993578583,541941.993606083,541941.993644042,541941.998536917
359,541942.011378750,541942.011402083,541942.011432500,541942.014961917
360,541942.027015625,541942.027051375,541942.027086667,541942.030706083
361,541942.043175333,541942.043206750,541942.043243667,541942.046980667
362,541942.059958750,541942.059987458,541942.060024167,541942.063758375
363,541942.076687875,541942.076711208,541942.076748792,541942.080264792
364,541942.093317750,541942.093346167,541942.093375875,541942.097473083
365,541942.109785208,541942.109810959,541942.109846458,541942.113617542
366,541942.126736083,541942.126760542,541942.126789375,541942.130532667
367,541942.143417917,541942.143447083,541942.143475875,541942.147164000
368,541942.159861875,541942.159889583,541942.159920125,541942.164977583
369,541942.176698959,541942.176719375,541942.176753292,541942.181294750
370,541942.193465375,541942.193487958,541942.193521250,541942.197494000
371,541942.209918584,541942.209939500,541942.209968333,541942.213696333
372,541942.226791458,541942.226813833,541942.226842667,541942.230547042
373,541942.243676792,541942.243704875,541942.243760917,541942.257668875
374,541942.260370208,541942.260392250,541942.260444833,541942.264204833
375,541942.276879042,541942.276894417,541942.276921417,541942.281177167
376,541942.294197542,541942.294223125,541942.294325792,541942.298247333
377,541942.309831417,541942.309849833,541942.309885292,541942.313450583
378,541942.326761542,541942.326786625,541942.326817417,541942.330507000
379,541942.343354458,541942.343373792,541942.343400083,541942.347767750
380,541942.359986083,541942.360003250,541942.360028958,541942.363920542
381,541942.376999042,541942.377019625,541942.377049458,541942.380706167
382,541942.394463500,541942.394486125,541942.394523250,541942.410685833
383,541942.410737625,541942.410760792,541942.410792250,541942.416630417
384,541942.427203959,541942.427222375,541942.427254000,541942.431976500
385,541942.443690083,541942.443714667,541942.443741792,541942.447807625
386,541942.460392833,541942.460413000,541942.460445208,541942.464085958
387,541942.477101042,541942.477127625,541942.477162667,541942.480892375
388,541942.493699208,541942.493719042,541942.493746583,541942.497334208
389,541942.509762208,541942.509781458,541942.509806625,541942.514509000
390,541942.526620167,541942.526645542,541942.526681167,541942.530873542
391,541942.543024208,541942.543044000,541942.543067875,541942.546768333
392,541942.560378375,541942.560403000,541942.560433625,541942.564096375
393,541942.576911292,541942.576932667,541942.576960834,541942.580550125
394,541942.593485083,541942.593505125,541942.593532542,541942.597116125
395,541942.610398792,541942.610422250,541942.610448750,541942.615083167
396,541942.626938334,541942.626960042,541942.626986042,541942.631030083
397,541942.643645459,541942.643668875,541942.643700792,541942.647363042
398,541942.660376750,541942.660398458,541942.660424500,541942.663985333
399,541942.677046292,541942.677065833,541942.677090875,541942.680776792
400,541942.693573792,541942.693591667,541942.693617458,541942.698258458
401,541942.710454667,541942.710470542,541942.710498917,541942.714606625
402,541942.726546250,541942.726561375,541942.726582584,541942.730218417
403,541942.743723000,541942.743743750,541942.743771083,541942.747442292
404,541942.760441583,541942.760460083,541942.760487417,541942.764029167
405,541942.777013167,541942.777032042,541942.777058000,541942.781400583
406,541942.793658458,541942.793675417,541942.793701083,541942.797354208
407,541942.810858125,541942.810883333,541942.810913167,541942.815565417
408,541942.827552417,541942.827582875,541942.827614708,541942.831700917
409,541942.844006708,541942.844026458,541942.844055875,541942.847685625
410,541942.860529542,541942.860559792,541942.860588542,541942.864218167
411,541942.877589875,541942.877616167,541942.877649375,541942.881232500
412,541942.894060167,541942.894081542,541942.894115875,541942.898686792
413,541942.910856167,541942.910892333,541942.910927167,541942.915186792
414,541942.927686375,541942.927707125,541942.927734083,541942.931750625
415,541942.944147958,541942.944172250,541942.944207167,541942.947859708
416,541942.961047458,541942.961069500,541942.961099750,541942.964704542
417,541942.977605167,541942.977637667,541942.977677583,541942.982678125
418,541942.994140125,541942.994162542,541942.994201167,541942.998561833
419,541943.011128792,541943.011171250,541943.011211208,541943.014765583
420,541943.027764083,541943.027795000,541943.027837750,541943.031434375
421,541943.044279292,541943.044300583,541943.044333417,541943.047935125
422,541943.061181000,541943.061203667,541943.061236375,541943.064863958
423,541943.077788958,541943.077818042,541943.077853667,541943.082860375
424,541943.094361583,541943.094386708,541943.094420958,541943.098847542
425,541943.111156833,541943.111184042,541943.111214667,541943.115308292
426,541943.127989000,541943.128017375,541943.128050083,541943.131696292
427,541943.144277125,541943.144300917,541943.144334958,541943.147894917
428,541943.161300167,541943.161325625,541943.161359875,541943.165018125
429,541943.178032625,541943.178061708,541943.178092208,541943.183018250
430,541943.194242250,541943.194261750,541943.194290750,541943.198426000
431,541943.211223375,541943.211245625,541943.211275708,541943.215004750
432,541943.227967583,541943.227988750,541943.228017958,541943.231576167
433,541943.244459292,541943.244483375,541943.244511792,541943.248066667
434,541943.261458167,541943.261483792,541943.261516792,541943.265145333
435,541943.278088292,541943.278109750,541943.278153000,541943.282804000
436,541943.294785792,541943.294809458,541943.294840458,541943.299011625
437,541943.311312458,541943.311333500,541943.311363375,541943.325716000
438,541943.328126875,541943.328147708,541943.328176583,541943.331696042
439,541943.344787292,541943.344813083,541943.344845792,541943.348393833
440,541943.361521625,541943.361543208,541943.361584875,541943.375926750
441,541943.378197500,541943.378216958,541943.378248208,541943.383516542
442,541943.395088625,541943.395116208,541943.395149792,541943.410285458
443,541943.412014625,541943.412036417,541943.412077875,541943.417241458
444,541943.428131333,541943.428158542,541943.428189375,541943.431911333
445,541943.444864250,541943.444895417,541943.444924042,541943.449021708
446,541943.461667958,541943.461690083,541943.461721542,541943.465564125
447,541943.478074458,541943.478110292,541943.478159875,541943.481970167
448,541943.494903750,541943.494927083,541943.494958375,541943.498628292
449,541943.511605542,541943.511633833,541943.511671542,541943.515217084
450,541943.527937500,541943.527957958,541943.527986417,541943.531604333
451,541943.545013542,541943.545037083,541943.545078833,541943.548687833
452,541943.561746125,541943.561772875,541943.561808000,541943.566709333
453,541943.578167458,541943.578187083,541943.578218958,541943.582399083
454,541943.595047167,541943.595077667,541943.595109083,541943.598719042
455,541943.611722000,541943.611743542,541943.611775833,541943.615376208
456,541943.628177583,541943.628198250,541943.628230625,541943.631763250
457,541943.645083625,541943.645111917,541943.645149417,541943.650390042
458,541943.661781292,541943.661804375,541943.661839375,541943.666289958
459,541943.678034167,541943.678054083,541943.678085292,541943.681738250
460,541943.695067458,541943.695091417,541943.695122375,541943.698710417
461,541943.711480959,541943.711499292,541943.711527875,541943.715117292
462,541943.728131250,541943.728153250,541943.728183125,541943.732881167
463,541943.745160375,541943.745188625,541943.745218625,541943.749133792
464,541943.761697167,541943.761718583,541943.761750375,541943.765595000
465,541943.778246375,541943.778270209,541943.778306625,541943.781937917
466,541943.796324083,541943.796347167,541943.796391250,541943.800376583
467,541943.812512834,541943.812540542,541943.812578542,541943.816239125
468,541943.828385333,541943.828413625,541943.828444292,541943.833098584
469,541943.845481292,541943.845504958,541943.845538417,541943.850240542
470,541943.862160375,541943.862182292,541943.862216708,541943.866222500
471,541943.878783750,541943.878807667,541943.878845375,541943.882511167
472,541943.895382375,541943.895406542,541943.895435250,541943.898979042
473,541943.912165250,541943.912185708,541943.912214833,541943.915768958
474,541943.928675125,541943.928692958,541943.928719958,541943.933298792
475,541943.945395458,541943.945414875,541943.945445458,541943.949421333
476,541943.962152500,541943.962173083,541943.962204208,541943.965873208
477,541943.978692917,541943.978714125,541943.978747708,541943.982367417
478,541943.995467292,541943.995486708,541943.995513500,541943.999097958
479,541944.012276250,541944.012296875,541944.012327500,541944.017296708
480,541944.028791833,541944.028811375,541944.028840000,541944.033203042
481,541944.045491833,541944.045512500,541944.045540583,541944.049495417
482,541944.062489667,541944.062508500,541944.062535375,541944.066163250
483,541944.078696625,541944.078714375,541944.078740792,541944.082327958
484,541944.095483000,541944.095503167,541944.095533833,541944.099081625
485,541944.112315625,541944.112337917,541944.112368292,541944.117086750
486,541944.129044917,541944.129064875,541944.129097917,541944.133214167
487,541944.145621667,541944.145640209,541944.145671875,541944.149279750
488,541944.162393708,541944.162414833,541944.162444708,541944.166131584
489,541944.178924375,541944.178945417,541944.178975458,541944.182695250
490,541944.196011208,541944.196031709,541944.196061708,541944.199657542
491,541944.212298000,541944.212318875,541944.212348083,541944.216545875
492,541944.229357667,541944.229376375,541944.229405417,541944.233357500
493,541944.245866083,541944.245896417,541944.245924167,541944.249524250
494,541944.262691042,541944.262707958,541944.262736458,541944.266328917
495,541944.279072583,541944.279097375,541944.279124750,541944.284161958
496,541944.295869083,541944.295888042,541944.295916875,541944.300306625
497,541944.312571000,541944.312590292,541944.312618625,541944.316603375
498,541944.329231708,541944.329257417,541944.329285042,541944.332899792
499,541944.346150500,541944.346173875,541944.346207208,541944.349830208
500,541944.362468792,541944.362485542,541944.362512542,541944.366183208
501,541944.379439042,541944.379464083,541944.379490750,541944.383924708
502,541944.396562167,541944.396585292,541944.396623417,541944.410697625
503,541944.413134958,541944.413156542,541944.413199125,541944.417162750
504,541944.429143042,541944.429162917,541944.429190750,541944.432905000
505,541944.446376208,541944.446402708,541944.446433333,541944.449995500
506,541944.462968708,541944.462988500,541944.463016000,541944.466595875
507,541944.479647334,541944.479670083,541944.479698083,541944.483336958
508,541944.495905542,541944.495928000,541944.495957083,541944.499763667
509,541944.513143792,541944.513172750,541944.513202083,541944.516747375
510,541944.529627167,541944.529645583,541944.529679167,541944.533263958
511,541944.546645875,541944.546667958,541944.546705792,541944.550255625
512,541944.562749667,541944.562768542,541944.562797375,541944.567621417
513,541944.579769917,541944.579789250,541944.579824542,541944.583883250
514,541944.596257542,541944.596281542,541944.596312500,541944.599938334
515,541944.613223417,541944.613243208,541944.613272792,541944.616905500
516,541944.629827625,541944.629846292,541944.629874500,541944.633466000
517,541944.646541750,541944.646559708,541944.646587667,541944.650154708
518,541944.663142958,541944.663160917,541944.663187083,541944.667460417
519,541944.679750542,541944.679768375,541944.679796542,541944.683602250
520,541944.696765333,541944.696787833,541944.696819459,541944.700467500
521,541944.713209792,541944.713228625,541944.713257000,541944.716858333
522,541944.729963917,541944.729986167,541944.730014917,541944.733564333
523,541944.746710417,541944.746730958,541944.746763084,541944.750366042
524,541944.763250417,541944.763275125,541944.763304292,541944.766915833
525,541944.779950833,541944.779970417,541944.780002667,541944.784826458
526,541944.797149583,541944.797178417,541944.797236125,541944.801694958
527,541944.816486042,541944.816516458,541944.816554083,541944.820270917
528,541944.831561125,541944.831589208,541944.831628750,541944.836125958
529,541944.846413667,541944.846439667,541944.846480958,541944.850180708
530,541944.862716542,541944.862739375,541944.862776333,541944.867662667
531,541944.879545042,541944.879569292,541944.879597417,541944.883854417
532,541944.896226250,541944.896244083,541944.896281208,541944.899849750
533,541944.912867375,541944.912886583,541944.912921833,541944.916580000
534,541944.929648125,541944.929674833,541944.929709542,541944.933422417
535,541944.946425417,541944.946445792,541944.946481208,541944.950338750
536,541944.962762125,541944.962795083,541944.962832458,541944.967405583
537,541944.979734917,541944.979759625,541944.979809417,541944.983967875
538,541944.996212833,541944.996232083,541944.996259917,541945.000267833
539,541945.013018667,541945.013039208,541945.013075458,541945.016691083
540,541945.029707125,541945.029725667,541945.029754333,541945.033401917
541,541945.046351667,541945.046371083,541945.046399167,541945.049967708
542,541945.063030417,541945.063049167,541945.063078708,541945.067941958
543,541945.079657917,541945.079676750,541945.079703667,541945.083749000
544,541945.096444583,541945.096474792,541945.096507208,541945.100473542
545,541945.113159500,541945.113180792,541945.113211292,541945.116978167
546,541945.129973792,541945.130000542,541945.130037500,541945.133765042
547,541945.146551250,541945.146572500,541945.146603167,541945.150312333
548,541945.163060500,541945.163083292,541945.163115167,541945.167762292
549,541945.179779417,541945.179800625,541945.179833833,541945.184054458
550,541945.196346417,541945.196364500,541945.196394708,541945.200018292
551,541945.213109792,541945.213128958,541945.213157708,541945.216782167
552,541945.229817750,541945.229840500,541945.229874208,541945.233472583
553,541945.246410750,541945.246428417,541945.246455625,541945.251446208
554,541945.263098042,541945.263117625,541945.263144125,541945.267344125
555,541945.279857083,541945.279876708,541945.279902583,541945.283706042
556,541945.296320958,541945.296342208,541945.296370333,541945.300003375
557,541945.313189458,541945.313217875,541945.313243917,541945.316884667
558,541945.329898000,541945.329916958,541945.329946417,541945.333547958
559,541945.346607583,541945.346633459,541945.346660500,541945.351554625
560,541945.363212458,541945.363229792,541945.363257000,541945.367589042
561,541945.379931417,541945.379951833,541945.379982958,541945.384171125
562,541945.396855167,541945.396885500,541945.396916167,541945.408666333
563,541945.413404167,541945.413419000,541945.413461000,541945.417686958
564,541945.430043542,541945.430065500,541945.430096375,541945.433590375
565,541945.446587708,541945.446607708,541945.446636542,541945.451278250
566,541945.463438000,541945.463466125,541945.463496125,541945.467544625
567,541945.480047750,541945.480076375,541945.480111833,541945.484045500
568,541945.496554292,541945.496576417,541945.496605833,541945.500199917
569,541945.513537250,541945.513558792,541945.513589375,541945.525948792
570,541945.530017625,541945.530031167,541945.530060083,541945.533970625
571,541945.547367042,541945.547391667,541945.547454583,541945.551270000
572,541945.563598875,541945.563626167,541945.563686167,541945.567409000
573,541945.580100833,541945.580122375,541945.580156167,541945.583839000
574,541945.596464792,541945.596481417,541945.596508333,541945.600088083
575,541945.613399375,541945.613418083,541945.613445708,541945.617041292
576,541945.629965125,541945.629983500,541945.630009250,541945.634345375
577,541945.646600708,541945.646622292,541945.646649542,541945.650636458
578,541945.662730708,541945.662748625,541945.662771417,541945.666330833
579,541945.679952250,541945.679976958,541945.680006334,541945.683642000
580,541945.696506708,541945.696523750,541945.696547042,541945.700119042
581,541945.713365625,541945.713382500,541945.713407792,541945.718134958
582,541945.730102167,541945.730123542,541945.730147542,541945.734537042
583,541945.746591125,541945.746608500,541945.746633625,541945.750316667
584,541945.763643500,541945.763663042,541945.763692125,541945.767312208
585,541945.780166792,541945.780184417,541945.780209500,541945.783833125
586,541945.796379042,541945.796398917,541945.796433333,541945.800302292
587,541945.813553542,541945.813578959,541945.813606375,541945.818274750
588,541945.830193625,541945.830212250,541945.830239333,541945.834335458
589,541945.846697958,541945.846719708,541945.846744500,541945.850319542
590,541945.863609125,541945.863631458,541945.863656625,541945.867224458
591,541945.880168958,541945.880187500,541945.880210125,541945.883757208
592,541945.896683542,541945.896699708,541945.896724292,541945.901470125
593,541945.913644333,541945.913663708,541945.913689125,541945.917878917
594,541945.930281458,541945.930302958,541945.930328333,541945.933798458
595,541945.946931583,541945.946948750,541945.946973042,541945.950450000
596,541945.963723958,541945.963749292,541945.963778417,541945.967483625
597,541945.980368083,541945.980388292,541945.980417875,541945.985287333
598,541945.996998667,541945.997018042,541945.997044417,541946.001333625
599,541946.013724667,541946.013746125,541946.013774792,541946.017404292
600,541946.030313375,541946.030332042,541946.030356417,541946.033844917
601,541946.046997167,541946.047015583,541946.047039667,541946.050544083
602,541946.063732917,541946.063754333,541946.063780417,541946.067255667
603,541946.080181167,541946.080201083,541946.080225917,541946.084877375
604,541946.097059375,541946.097076375,541946.097102917,541946.100716708
605,541946.114246667,541946.114274000,541946.114310417,541946.118555083
606,541946.130602500,541946.130634167,541946.130674375,541946.134252542
607,541946.147559375,541946.147590208,541946.147636917,541946.151316208
608,541946.164104458,541946.164131458,541946.164176750,541946.167981792
609,541946.180486042,541946.180509500,541946.180545000,541946.185698792
610,541946.197507959,541946.197532458,541946.197561542,541946.202197167
611,541946.214025750,541946.214050708,541946.214083417,541946.218112667
612,541946.230586958,541946.230610792,541946.230647792,541946.234358208
613,541946.247347708,541946.247366958,541946.247409459,541946.251029833
614,541946.264069375,541946.264089083,541946.264120750,541946.267708584
615,541946.280599583,541946.280623042,541946.280653000,541946.284155542
616,541946.297441375,541946.297465333,541946.297495833,541946.301422333
617,541946.314425750,541946.314460750,541946.314490417,541946.318114208
618,541946.330646917,541946.330670167,541946.330699792,541946.334320042
619,541946.347658583,541946.347689167,541946.347716458,541946.351306917
620,541946.364299875,541946.364335708,541946.364367500,541946.369449792
621,541946.380794375,541946.380814084,541946.380847167,541946.385191417
622,541946.397762583,541946.397788333,541946.397824250,541946.410707250
623,541946.414475500,541946.414489583,541946.414529959,541946.418507500
624,541946.430849417,541946.430874167,541946.430914167,541946.434482708
625,541946.447823458,541946.447848292,541946.447882292,541946.451538917
626,541946.464506417,541946.464534083,541946.464570833,541946.469289917
627,541946.480830833,541946.480855208,541946.480888000,541946.484696833
628,541946.497799667,541946.497822083,541946.497851250,541946.501759583
629,541946.514559792,541946.514583083,541946.514612125,541946.518152833
630,541946.530919375,541946.530940042,541946.530971375,541946.534554792
631,541946.547866000,541946.547892833,541946.547925792,541946.552778833
632,541946.564515917,541946.564541833,541946.564573333,541946.568479000
633,541946.581058833,541946.581090292,541946.581130042,541946.592696500
634,541946.597896333,541946.597907208,541946.597950417,541946.602697250
635,541946.614716125,541946.614747542,541946.614780833,541946.618443167
636,541946.631282542,541946.631309625,541946.631374417,541946.635214417
637,541946.652812167,541946.652839792,541946.652893458,541946.656546417
638,541946.670508625,541946.670539542,541946.670603750,541946.674542625
639,541946.690353958,541946.690391333,541946.690458417,541946.694189542
640,541946.708093000,541946.708125958,541946.708177500,541946.711992792
641,541946.726149417,541946.726182333,541946.726237000,541946.730050833
642,541946.743653333,541946.743683958,541946.743738542,541946.749417333
643,541946.761961750,541946.761988417,541946.762033958,541946.766885708
644,541946.780420834,541946.780451583,541946.780530792,541946.786068167
645,541946.797490250,541946.797531792,541946.797635333,541946.802620042
646,541946.814480292,541946.814520667,541946.814586833,541946.819684708
647,541946.831223708,541946.831260833,541946.831323708,541946.835416958
648,541946.847747125,541946.847785292,541946.847844583,541946.854040083
649,541946.865244583,541946.865269375,541946.865318375,541946.875720375
650,541946.881617917,541946.881647500,541946.881693334,541946.885354792
651,541946.897835417,541946.897858958,541946.897901583,541946.901477667
652,541946.913302167,541946.913324375,541946.913357708,541946.917036208
653,541946.929156584,541946.929178875,541946.929209542,541946.932782917
654,541946.944771667,541946.944802333,541946.944842917,541946.948810375
655,541946.962364958,541946.962392375,541946.962440292,541946.966021875
656,541946.978082750,541946.978108875,541946.978141250,541946.981838667
657,541946.994457125,541946.994488333,541946.994535875,541946.998237875
658,541947.009855667,541947.009888708,541947.009923917,541947.013571375
659,541947.025534500,541947.025557750,541947.025591292,541947.029259708
660,541947.041081583,541947.041102917,541947.041133000,541947.046107708
661,541947.056438208,541947.056458833,541947.056487542,541947.060189833
662,541947.071503208,541947.071523667,541947.071557375,541947.076483292
663,541947.087384333,541947.087411000,541947.087441250,541947.091702709
664,541947.102834958,541947.102859583,541947.102891292,541947.106584833
665,541947.118057500,541947.118082833,541947.118116500,541947.122739500
666,541947.133485125,541947.133506208,541947.133535833,541947.137130250
667,541947.148707292,541947.148731250,541947.148760792,541947.152665875
668,541947.164795917,541947.164817667,541947.164855375,541947.168408167
669,541947.181708625,541947.181728292,541947.181755792,541947.185457667
670,541947.198405667,541947.198427625,541947.198459042,541947.202090417
671,541947.214888375,541947.214908583,541947.214945625,541947.219724458
672,541947.231688417,541947.231711542,541947.231740125,541947.236149000
673,541947.248455375,541947.248479708,541947.248510167,541947.252346708
674,541947.264915750,541947.264939667,541947.264972292,541947.268656542
675,541947.281894083,541947.281915000,541947.281946459,541947.285521625
676,541947.298369875,541947.298389750,541947.298420333,541947.302135209
677,541947.316457250,541947.316481958,541947.316516583,541947.320217292
678,541947.333670292,541947.333695250,541947.333727667,541947.337379042
679,541947.350507625,541947.350533792,541947.350566792,541947.354299000
680,541947.366582417,541947.366607000,541947.366639667,541947.371020917
681,541947.383177917,541947.383203500,541947.383237417,541947.386857833
682,541947.400059875,541947.400084500,541947.400116708,541947.410438958
683,541947.416428875,541947.416446042,541947.416480167,541947.420271542
684,541947.432881125,541947.432905292,541947.432942083,541947.437463083
685,541947.449356833,541947.449382583,541947.449415958,541947.453547875
686,541947.465103875,541947.465127333,541947.465159833,541947.468639708
687,541947.482010417,541947.482034375,541947.482067125,541947.485693667
688,541947.498647500,541947.498669417,541947.498702875,541947.503296792
689,541947.515229875,541947.515257292,541947.515299958,541947.519475792
690,541947.532104458,541947.532127667,541947.532161875,541947.535793542
691,541947.548972625,541947.548996834,541947.549033375,541947.552572250
692,541947.565286000,541947.565308958,541947.565341792,541947.569053750
693,541947.582197208,541947.582218625,541947.582255458,541947.586040917
694,541947.598842542,541947.598866125,541947.598898333,541947.602928417
695,541947.615377333,541947.615394542,541947.615435417,541947.619504459
696,541947.632201583,541947.632225208,541947.632258917,541947.642322875
697,541947.648894375,541947.648909500,541947.648938625,541947.653012625
698,541947.664793458,541947.664810833,541947.664836042,541947.669930167
699,541947.682444708,541947.682466292,541947.682493792,541947.686044542
700,541947.698945125,541947.698966083,541947.698997042,541947.703254292
701,541947.715610000,541947.715629542,541947.715658167,541947.719684292
702,541947.732398792,541947.732422584,541947.732455000,541947.735987833
703,541947.748975917,541947.748997333,541947.749029333,541947.752740500
704,541947.765731708,541947.765755125,541947.765786333,541947.769374125
705,541947.782392125,541947.782410875,541947.782441125,541947.787594125
706,541947.799505709,541947.799529167,541947.799575542,541947.803641917
707,541947.815826583,541947.815851417,541947.815883708,541947.819806625
708,541947.832474333,541947.832499208,541947.832532917,541947.836232000
709,541947.849199583,541947.849222333,541947.849255000,541947.852944833
710,541947.865898958,541947.865920875,541947.865951458,541947.869559208
711,541947.882650333,541947.882685875,541947.882714917,541947.886294375
712,541947.899032583,541947.899060125,541947.899088375,541947.903030417
713,541947.915966875,541947.915995750,541947.916027708,541947.919611208
714,541947.932591917,541947.932614708,541947.932645958,541947.936217750
715,541947.949072000,541947.949092458,541947.949123167,541947.952795042
716,541947.965984708,541947.966007417,541947.966039917,541947.971081458
717,541947.982751458,541947.982779958,541947.982811042,541947.987033000
718,541947.999187625,541947.999212583,541947.999254333,541948.002893958
719,541948.015975125,541948.015998208,541948.016029958,541948.019680750
720,541948.032789375,541948.032815708,541948.032851417,541948.036482875
721,541948.049150708,541948.049171042,541948.049203417,541948.052899458
722,541948.066164125,541948.066194292,541948.066228375,541948.071086125
723,541948.082752792,541948.082774625,541948.082805250,541948.087040708
724,541948.099188167,541948.099207750,541948.099238542,541948.102863750
725,541948.116192042,541948.116222333,541948.116256958,541948.120045875
726,541948.132826042,541948.132853333,541948.132881917,541948.136456292
727,541948.149329167,541948.149353042,541948.149388750,541948.152952208
728,541948.166274625,541948.166298042,541948.166329750,541948.171300542
729,541948.182911542,541948.182933208,541948.182962708,541948.187351625
730,541948.199254208,541948.199274208,541948.199307084,541948.202902958
731,541948.216170708,541948.216192250,541948.216223000,541948.219886917
732,541948.232835625,541948.232862583,541948.232890750,541948.236481083
733,541948.249481000,541948.249512833,541948.249552583,541948.253156208
734,541948.266314042,541948.266347292,541948.266375083,541948.271211542
735,541948.282975375,541948.282996792,541948.283028375,541948.287231250
736,541948.299375250,541948.299402875,541948.299433833,541948.303038167
737,541948.316304458,541948.316326833,541948.316357917,541948.319928250
738,541948.333011292,541948.333035708,541948.333065083,541948.336692708
739,541948.349507417,541948.349529292,541948.349562583,541948.353139167
740,541948.366360000,541948.366388333,541948.366421667,541948.371369792
741,541948.382977667,541948.382997250,541948.383026583,541948.387135750
742,541948.399553167,541948.399578708,541948.399615250,541948.410729917
743,541948.416397917,541948.416414375,541948.416444250,541948.420146167
744,541948.433109167,541948.433130375,541948.433163042,541948.436820000
745,541948.449777042,541948.449808458,541948.449859750,541948.454798208
746,541948.466466000,541948.466487333,541948.466516750,541948.470661417
747,541948.483108417,541948.483131750,541948.483167208,541948.486751458
748,541948.499588709,541948.499615500,541948.499646708,541948.503225667
749,541948.516546125,541948.516568500,541948.516599458,541948.520251958
750,541948.533214708,541948.533237750,541948.533270250,541948.536867792
751,541948.549785958,541948.549814000,541948.549855250,541948.554879750
752,541948.566720333,541948.566752958,541948.566780792,541948.571123209
753,541948.583279042,541948.583301667,541948.583333333,541948.587026167
754,541948.599886708,541948.599906625,541948.599933458,541948.603532167
755,541948.616686083,541948.616711334,541948.616744458,541948.620377500
756,541948.633219792,541948.633242000,541948.633272833,541948.638303958
757,541948.650123375,541948.650145083,541948.650181000,541948.658692000
758,541948.666711375,541948.666728708,541948.666759333,541948.671038542
759,541948.683335458,541948.683354417,541948.683382208,541948.687015042
760,541948.700160292,541948.700183542,541948.700213125,541948.709165750
761,541948.716784042,541948.716802083,541948.716837458,541948.720605084
762,541948.733285583,541948.733307250,541948.733336500,541948.737003417
763,541948.750238000,541948.750262625,541948.750298167,541948.755092458
764,541948.766938667,541948.766970333,541948.767000458,541948.771330125
765,541948.783241208,541948.783261125,541948.783290792,541948.786880917
766,541948.800439792,541948.800465917,541948.800497958,541948.804459209
767,541948.816899417,541948.816923667,541948.816951917,541948.820600958
768,541948.833318208,541948.833339792,541948.833369458,541948.836967042
769,541948.850259292,541948.850279209,541948.850310458,541948.855288583
770,541948.867055000,541948.867079875,541948.867116167,541948.871909042
771,541948.883387917,541948.883408792,541948.883441667,541948.887112958
772,541948.900205583,541948.900227875,541948.900257458,541948.903889875
773,541948.917013625,541948.917045667,541948.917073958,541948.920668709
774,541948.933443917,541948.933471042,541948.933502459,541948.937065125
775,541948.950727667,541948.950749958,541948.950801750,541948.954362625
776,541948.967376625,541948.967399042,541948.967444000,541948.971057542
777,541948.983363875,541948.983387000,541948.983417292,541948.986966250
778,541949.000056875,541949.000075208,541949.000101625,541949.003602458
779,541949.016914958,541949.016938667,541949.016969417,541949.020533209
780,541949.033219542,541949.033238333,541949.033265542,541949.037649583
781,541949.051052208,541949.051071042,541949.051102458,541949.055652750
782,541949.066842958,541949.066861500,541949.066888542,541949.070412833
783,541949.083406125,541949.083429625,541949.083456542,541949.086968458
784,541949.100095500,541949.100116250,541949.100140292,541949.103671792
785,541949.116881125,541949.116901375,541949.116927042,541949.121479792
786,541949.133355875,541949.133377458,541949.133403542,541949.137244958
787,541949.150194625,541949.150213667,541949.150238208,541949.153745417
788,541949.166971417,541949.166993458,541949.167022750,541949.170596667
789,541949.183550042,541949.183570542,541949.183601083,541949.187203708
790,541949.200290792,541949.200311417,541949.200339292,541949.204445667
791,541949.217001583,541949.217021750,541949.217049792,541949.220600458
792,541949.233504917,541949.233524292,541949.233554208,541949.237059542
793,541949.250320875,541949.250343125,541949.250370083,541949.253934833
794,541949.267013083,541949.267037792,541949.267066167,541949.270613708
795,541949.283670084,541949.283694708,541949.283725625,541949.288078000
796,541949.300343167,541949.300362042,541949.300388125,541949.304262542
797,541949.317244542,541949.317266500,541949.317297292,541949.320954292
798,541949.333641917,541949.333667833,541949.333698375,541949.337258875
799,541949.350453417,541949.350472750,541949.350500542,541949.354472458
800,541949.367136083,541949.367158625,541949.367188833,541949.370685250
801,541949.383660167,541949.383681458,541949.383713833,541949.387162833
802,541949.400589958,541949.400616459,541949.400644458,541949.408508083
803,541949.417402917,541949.417429167,541949.417461833,541949.421410000
804,541949.433689458,541949.433709209,541949.433737750,541949.437286250
805,541949.450615917,541949.450638958,541949.450668250,541949.454187708
806,541949.467247083,541949.467266917,541949.467294667,541949.470943417
807,541949.483879542,541949.483900292,541949.483927917,541949.487598542
808,541949.500634833,541949.500655167,541949.500683833,541949.504342042
809,541949.517476209,541949.517500167,541949.517532667,541949.521288833
810,541949.534333708,541949.534381875,541949.534420792,541949.538617583
811,541949.551061542,541949.551092334,541949.551130250,541949.554694000
812,541949.567596250,541949.567622125,541949.567652292,541949.571405625
813,541949.584364542,541949.584392500,541949.584427875,541949.588043500
814,541949.600928542,541949.600952333,541949.600984875,541949.605895208
815,541949.617556083,541949.617581958,541949.617613375,541949.621646125
816,541949.634382500,541949.634409333,541949.634443042,541949.638083417
817,541949.651034625,541949.651056958,541949.651086333,541949.654700958
818,541949.666808792,541949.666826958,541949.666850792,541949.671573625
819,541949.684332917,541949.684365250,541949.684403167,541949.689156042
820,541949.700922708,541949.700948708,541949.700988625,541949.705020542
821,541949.717361708,541949.717385042,541949.717419458,541949.724853625
822,541949.734362542,541949.734384000,541949.734417792,541949.738029583
823,541949.751144875,541949.751173625,541949.751213167,541949.758422458
824,541949.767521209,541949.767543250,541949.767579042,541949.771867417
825,541949.784490417,541949.784528042,541949.784556750,541949.788622625
826,541949.800607333,541949.800634292,541949.800665667,541949.804302334
827,541949.817621458,541949.817649667,541949.817688750,541949.821402250
828,541949.833875292,541949.833898708,541949.833927375,541949.837639625
829,541949.851220292,541949.851246542,541949.851280583,541949.854831708
830,541949.867705125,541949.867727375,541949.867757917,541949.872325000
831,541949.884658833,541949.884678917,541949.884711375,541949.889239917
832,541949.901192042,541949.901215083,541949.901249792,541949.905182208
833,541949.917874958,541949.917903833,541949.917935625,541949.921525125
834,541949.934523167,541949.934545958,541949.934577334,541949.938164042
835,541949.951467833,541949.951498125,541949.951527917,541949.955146375
836,541949.967798042,541949.967819583,541949.967851583,541949.972469417
837,541949.984738583,541949.984764667,541949.984801083,541949.989030083
838,541950.001370750,541950.001394042,541950.001428875,541950.005127333
839,541950.017132250,541950.017154375,541950.017181542,541950.020761125
840,541950.034606792,541950.034630333,541950.034663083,541950.038342958
841,541950.051381542,541950.051406000,541950.051439833,541950.055379375
842,541950.067709750,541950.067730250,541950.067762750,541950.072033292
843,541950.084842084,541950.084873458,541950.084902875,541950.088806667
844,541950.101495833,541950.101528250,541950.101560375,541950.105208208
845,541950.118086458,541950.118113250,541950.118146375,541950.121765833
846,541950.134120583,541950.134140125,541950.134169500,541950.138526500
847,541950.152101792,541950.152126667,541950.152157333,541950.156141125
848,541950.167871958,541950.167904333,541950.167937750,541950.171693792
849,541950.185628500,541950.185648750,541950.185683667,541950.189623542
850,541950.201682083,541950.201705333,541950.201742208,541950.205509875
851,541950.217984333,541950.218007708,541950.218046333,541950.221718000
852,541950.235679500,541950.235701500,541950.235736667,541950.239396208
853,541950.252728667,541950.252750083,541950.252786917,541950.257574375
854,541950.268544625,541950.268575042,541950.268615708,541950.272851625
855,541950.285074333,541950.285105500,541950.285136833,541950.288755625
856,541950.301798209,541950.301821625,541950.301854583,541950.305501583
857,541950.318346875,541950.318378583,541950.318410333,541950.322080042
858,541950.335220083,541950.335240792,541950.335275583,541950.340036167
859,541950.351881958,541950.351905000,541950.351939708,541950.356233833
860,541950.368376333,541950.368398625,541950.368428625,541950.371984500
861,541950.385198333,541950.385219625,541950.385248667,541950.388875292
862,541950.401947417,541950.401974458,541950.402006583,541950.408865417
863,541950.418693333,541950.418718167,541950.418753542,541950.422960542
864,541950.435359875,541950.435382792,541950.435415375,541950.439322125
865,541950.452073500,541950.452104083,541950.452134208,541950.456004084
866,541950.468582042,541950.468607458,541950.468639375,541950.472325208
867,541950.485292750,541950.485315625,541950.485348333,541950.488924500
868,541950.501335042,541950.501357917,541950.501388917,541950.505597833
869,541950.518565333,541950.518588375,541950.518618708,541950.522282250
870,541950.535409209,541950.535430875,541950.535461667,541950.539304917
871,541950.552007125,541950.552040708,541950.552076375,541950.556027375
872,541950.568824625,541950.568860042,541950.568898375,541950.572579250
873,541950.585378542,541950.585402292,541950.585434500,541950.588943167
874,541950.602133500,541950.602156500,541950.602188875,541950.605852792
875,541950.618933667,541950.618966208,541950.618997167,541950.623818250
876,541950.634514625,541950.634539792,541950.634577500,541950.638326542
877,541950.651822125,541950.651845333,541950.651878917,541950.655432542
878,541950.668815833,541950.668840250,541950.668872417,541950.672508125
879,541950.685635833,541950.685665458,541950.685697542,541950.689315500
880,541950.702055875,541950.702076917,541950.702107042,541950.705774417
881,541950.718888292,541950.718911625,541950.718940792,541950.723819459
882,541950.735657042,541950.735681167,541950.735718792,541950.740100458
883,541950.752220833,541950.752241833,541950.752270333,541950.755924333
884,541950.768919833,541950.768945458,541950.768984333,541950.774537667
885,541950.785638583,541950.785661125,541950.785693833,541950.789455250
886,541950.802276625,541950.802304000,541950.802341250,541950.807240083
887,541950.819056708,541950.819081875,541950.819117292,541950.823947958
888,541950.835643458,541950.835667667,541950.835698458,541950.839530125
889,541950.852397333,541950.852420583,541950.852459250,541950.856154958
890,541950.869114917,541950.869139083,541950.869173917,541950.872774833
891,541950.885804875,541950.885826125,541950.885856417,541950.889493750
892,541950.902255875,541950.902280583,541950.902322209,541950.906384792
893,541950.919080750,541950.919102625,541950.919137250,541950.923014375
894,541950.935858917,541950.935882917,541950.935917959,541950.939796083
895,541950.952399500,541950.952422000,541950.952452500,541950.956122875
896,541950.969221833,541950.969245958,541950.969277625,541950.972849708
897,541950.985894917,541950.985915792,541950.985946375,541950.989684125
898,541951.002406583,541951.002428000,541951.002461667,541951.006533167
899,541951.019157750,541951.019183500,541951.019216625,541951.023005875
900,541951.035780167,541951.035804792,541951.035835250,541951.039450833
901,541951.052464583,541951.052489208,541951.052521375,541951.056221292
902,541951.069258583,541951.069282958,541951.069316292,541951.073104333
903,541951.085907333,541951.085931625,541951.085966042,541951.090892667
904,541951.102322583,541951.102347375,541951.102377625,541951.106153500
905,541951.119105458,541951.119127958,541951.119157292,541951.122929625
906,541951.135843958,541951.135866834,541951.135899917,541951.139617833
907,541951.152538667,541951.152562917,541951.152600042,541951.156362542
908,541951.169169417,541951.169190833,541951.169219792,541951.174332625
909,541951.186015042,541951.186039208,541951.186076292,541951.190830750
910,541951.202550250,541951.202573583,541951.202605042,541951.207049167
911,541951.219294125,541951.219315042,541951.219346667,541951.223328542
912,541951.235948375,541951.235971500,541951.236004750,541951.240049542
913,541951.252870083,541951.252897542,541951.252937500,541951.256751042
914,541951.269320292,541951.269342000,541951.269372708,541951.274139500
915,541951.286104667,541951.286129500,541951.286160458,541951.290553833
916,541951.302762250,541951.302783708,541951.302815750,541951.306594250
917,541951.319485417,541951.319502083,541951.319530833,541951.323106000
918,541951.335209750,541951.335229417,541951.335265375,541951.340224167
919,541951.352014625,541951.352033334,541951.352061542,541951.356232750
920,541951.368879250,541951.368903292,541951.368931542,541951.372908167
921,541951.386612333,541951.386635417,541951.386665583,541951.390666000
922,541951.403189583,541951.403213167,541951.403248125,541951.409661708
923,541951.419237708,541951.419257958,541951.419290333,541951.422952458
924,541951.435700917,541951.435720167,541951.435747875,541951.439432750
925,541951.452485625,541951.452509417,541951.452541000,541951.457089084
926,541951.469388708,541951.469409833,541951.469436833,541951.473733667
927,541951.485885875,541951.485904209,541951.485932958,541951.489623917
928,541951.502686458,541951.502716667,541951.502745459,541951.506396000
929,541951.519508333,541951.519530542,541951.519560125,541951.523322000
930,541951.535880000,541951.535904125,541951.535931250,541951.539591583
931,541951.552881000,541951.552906250,541951.552937459,541951.557380708
932,541951.569509292,541951.569534792,541951.569568250,541951.573525917
933,541951.586018833,541951.586042833,541951.586075333,541951.589737667
934,541951.602888000,541951.602908667,541951.602942375,541951.606463583
935,541951.618983167,541951.619007875,541951.619039833,541951.623706500
936,541951.636000792,541951.636022792,541951.636051083,541951.640455958
937,541951.652811125,541951.652834417,541951.652864583,541951.656834667
938,541951.668924083,541951.668946792,541951.668976417,541951.672704083
939,541951.686165292,541951.686187833,541951.686221333,541951.689805917
940,541951.703304667,541951.703334292,541951.703365042,541951.707126500
941,541951.719875875,541951.719903292,541951.719945292,541951.723643417
942,541951.736406042,541951.736435375,541951.736473667,541951.741056292
943,541951.753359208,541951.753386875,541951.753424250,541951.757575792
944,541951.769864833,541951.769895875,541951.769929959,541951.773511833
945,541951.786488042,541951.786510583,541951.786540709,541951.790260750
946,541951.803372167,541951.803408333,541951.803438500,541951.807031917
947,541951.819993667,541951.820017208,541951.820048542,541951.824708250
948,541951.836358459,541951.836380125,541951.836418708,541951.840296958
949,541951.853271542,541951.853300500,541951.853333334,541951.857866000
950,541951.869889542,541951.869914292,541951.869944250,541951.873503083
951,541951.888599542,541951.888627375,541951.888687458,541951.892752667
952,541951.906199667,541951.906230417,541951.906287708,541951.910059917
953,541951.923218042,541951.923249375,541951.923291875,541951.927183583
954,541951.939969042,541951.940002542,541951.940049125,541951.943888750
955,541951.957109625,541951.957141500,541951.957213792,541951.960988292
956,541951.975190708,541951.975219417,541951.975257417,541951.979078500
957,541951.991026000,541951.991054000,541951.991088083,541951.995928792
958,541952.007022500,541952.007049125,541952.007087292,541952.010882958
959,541952.022684625,541952.022713583,541952.022747583,541952.026428500
960,541952.038065458,541952.038089417,541952.038124917,541952.042248833
961,541952.054164417,541952.054188042,541952.054222042,541952.057856875
962,541952.070270750,541952.070292667,541952.070324667,541952.073975167
963,541952.086984167,541952.087018708,541952.087055208,541952.091690500
964,541952.103493084,541952.103513333,541952.103543125,541952.107700292
965,541952.120147875,541952.120169250,541952.120196834,541952.123898792
966,541952.137014167,541952.137037667,541952.137072583,541952.140812542
967,541952.153632167,541952.153656000,541952.153685042,541952.157263125
968,541952.170323250,541952.170347750,541952.170378708,541952.174707125
969,541952.186994792,541952.187022167,541952.187060792,541952.191491583
970,541952.203643000,541952.203667625,541952.203699208,541952.207614375
971,541952.220247375,541952.220270708,541952.220303417,541952.223792667
972,541952.237093875,541952.237119042,541952.237154292,541952.240823792
973,541952.253833208,541952.253859583,541952.253902958,541952.257481667
974,541952.270437458,541952.270461667,541952.270500375,541952.275344792
975,541952.286977708,541952.286998875,541952.287029042,541952.291274500
976,541952.303665000,541952.303689333,541952.303720125,541952.307367125
977,541952.320914167,541952.320937208,541952.320987292,541952.324766458
978,541952.337336417,541952.337359250,541952.337404292,541952.341014125
979,541952.353666833,541952.353688292,541952.353718000,541952.358626583
980,541952.370039583,541952.370057042,541952.370083958,541952.374580667
981,541952.387053208,541952.387074792,541952.387106250,541952.391157917
982,541952.403754750,541952.403781167,541952.403811417,541952.409591208
983,541952.420532542,541952.420552292,541952.420584208,541952.424351375
984,541952.437253542,541952.437276583,541952.437308500,541952.440865250
985,541952.453765125,541952.453791375,541952.453822125,541952.458871833
986,541952.470259750,541952.470280167,541952.470308792,541952.474509667
987,541952.487038917,541952.487059708,541952.487087375,541952.490880959
988,541952.503797375,541952.503826417,541952.503856583,541952.507536667
989,541952.520270292,541952.520292500,541952.520322458,541952.524019958
990,541952.537150250,541952.537172583,541952.537203792,541952.540871375
991,541952.553830375,541952.553852583,541952.553882708,541952.558537750
992,541952.569815250,541952.569833333,541952.569858584,541952.573442750
993,541952.587010958,541952.587031625,541952.587060667,541952.590776667
994,541952.603823458,541952.603846542,541952.603879792,541952.607421625
995,541952.620211542,541952.620231583,541952.620259792,541952.623983125
996,541952.637050167,541952.637068292,541952.637095667,541952.641308625
997,541952.653740583,541952.653764208,541952.653794542,541952.657769500
998,541952.670356375,541952.670377458,541952.670408625,541952.674163167
999,541952.687079375,541952.687099875,541952.687126250,541952.690742583
1000,541952.703816917,541952.703836667,541952.703862500,541952.707474583
1001,541952.720329292,541952.720350167,541952.720378708,541952.724614208
1002,541952.737133708,541952.737154083,541952.737181250,541952.741107750
1003,541952.753912500,541952.753932000,541952.753959708,541952.757722958
1004,541952.770319542,541952.770338375,541952.770364292,541952.773985208
